filename,width,height,class,xmin,ymin,xmax,ymax
02902.jpeg,128,128,T72,33,49,90,90
02916.jpeg,128,128,T72,31,43,94,88
05089.jpeg,128,128,BTR70,35,57,80,94
04397.jpeg,192,193,ZIL131,57,72,132,126
04383.jpeg,192,193,ZIL131,69,80,126,134
03361.jpeg,177,178,D7,57,60,117,117
03407.jpeg,177,178,D7,53,56,115,119
04368.jpeg,192,193,ZIL131,52,74,132,126
05076.jpeg,128,128,BTR70,49,35,90,80
03413.jpeg,158,158,2S1,48,46,103,111
05062.jpeg,128,128,BTR70,31,45,92,84
03375.jpeg,177,178,D7,51,58,117,117
04432.jpeg,192,193,ZIL131,57,64,130,128
04354.jpeg,192,193,ZIL131,56,68,132,130
04340.jpeg,192,193,ZIL131,52,72,132,124
04426.jpeg,192,193,ZIL131,50,74,132,124
03349.jpeg,177,178,D7,51,54,119,113
04817.jpeg,158,158,ZSU_23_4,46,56,111,103
04803.jpeg,158,158,ZSU_23_4,46,56,111,101
04195.jpeg,172,173,T62,51,64,110,120
03822.jpeg,128,129,BRDM_2,36,46,77,84
03188.jpeg,177,178,D7,53,56,117,115
04181.jpeg,172,173,T62,53,56,118,120
03836.jpeg,128,129,BRDM_2,38,50,81,86
03605.jpeg,158,158,2S1,46,62,111,105
03163.jpeg,177,178,D7,57,62,117,115
03177.jpeg,177,178,D7,53,54,119,113
04618.jpeg,128,128,BMP2,37,43,90,90
03611.jpeg,158,158,2S1,54,50,109,109
04156.jpeg,172,173,T62,48,62,118,116
03639.jpeg,158,158,2S1,46,54,113,111
04630.jpeg,128,128,BMP2,35,47,94,86
04624.jpeg,128,128,BMP2,39,37,86,92
04142.jpeg,172,173,T62,50,56,120,118
04963.jpeg,158,158,ZSU_23_4,46,56,109,109
04977.jpeg,158,158,ZSU_23_4,54,58,105,109
03956.jpeg,128,129,BRDM_2,36,42,93,84
04787.jpeg,158,158,ZSU_23_4,46,58,109,111
04793.jpeg,158,158,ZSU_23_4,48,46,105,107
03942.jpeg,128,129,BRDM_2,44,54,83,94
03771.jpeg,128,129,BRDM_2,38,50,81,90
04778.jpeg,158,158,ZSU_23_4,48,54,109,111
03017.jpeg,128,128,BTR60,33,45,94,84
03003.jpeg,128,128,BTR60,43,41,84,96
03765.jpeg,128,129,BRDM_2,38,48,77,86
04022.jpeg,172,173,T62,50,52,114,120
03995.jpeg,172,173,T62,50,60,121,118
04744.jpeg,158,158,ZSU_23_4,46,50,107,105
04988.jpeg,128,128,BTR70,35,39,90,92
04750.jpeg,158,158,ZSU_23_4,48,52,111,103
03759.jpeg,128,129,BRDM_2,36,44,93,82
04036.jpeg,172,173,T62,51,54,120,112
03981.jpeg,172,173,T62,55,50,116,122
02876.jpeg,128,128,T72,33,47,96,88
02862.jpeg,128,128,T72,41,47,86,94
04585.jpeg,128,128,BMP2,33,41,88,90
03598.jpeg,158,158,2S1,48,56,115,105
04591.jpeg,128,128,BMP2,43,53,86,94
03215.jpeg,177,178,D7,55,56,113,119
05102.jpeg,128,128,BTR70,37,57,82,98
03573.jpeg,158,158,2S1,46,50,107,111
05116.jpeg,128,128,BTR70,35,43,94,88
04208.jpeg,172,173,T62,50,58,116,116
03567.jpeg,158,158,2S1,44,52,111,107
03201.jpeg,177,178,D7,49,56,119,113
03229.jpeg,177,178,D7,57,60,123,115
04546.jpeg,128,128,BMP2,37,41,90,90
02889.jpeg,128,128,T72,39,49,88,92
04220.jpeg,172,173,T62,50,64,120,114
04234.jpeg,172,173,T62,53,60,121,118
04552.jpeg,128,128,BMP2,43,53,88,94
04235.jpeg,172,173,T62,46,62,118,116
04553.jpeg,128,128,BMP2,35,45,94,84
04547.jpeg,128,128,BMP2,35,47,96,88
03228.jpeg,177,178,D7,57,58,123,115
04221.jpeg,172,173,T62,55,54,114,120
02888.jpeg,128,128,T72,31,49,92,92
03566.jpeg,158,158,2S1,48,54,113,107
04209.jpeg,172,173,T62,53,54,116,120
05117.jpeg,128,128,BTR70,31,39,96,88
03200.jpeg,177,178,D7,55,58,123,115
03214.jpeg,177,178,D7,59,52,115,119
03572.jpeg,158,158,2S1,56,68,105,113
05103.jpeg,128,128,BTR70,31,45,94,84
03599.jpeg,158,158,2S1,42,54,113,109
04590.jpeg,128,128,BMP2,37,41,92,92
04584.jpeg,128,128,BMP2,35,41,92,84
02863.jpeg,128,128,T72,17,43,92,86
02877.jpeg,128,128,T72,33,41,90,88
04751.jpeg,158,158,ZSU_23_4,48,50,109,105
04989.jpeg,128,128,BTR70,31,43,94,84
03980.jpeg,172,173,T62,48,68,120,114
04037.jpeg,172,173,T62,51,62,125,110
03758.jpeg,128,129,BRDM_2,48,52,87,92
03994.jpeg,172,173,T62,53,52,118,116
04023.jpeg,172,173,T62,51,58,121,112
04745.jpeg,158,158,ZSU_23_4,46,56,111,111
03002.jpeg,128,128,BTR60,35,43,94,92
03764.jpeg,128,129,BRDM_2,34,44,91,82
03770.jpeg,128,129,BRDM_2,32,50,89,88
03016.jpeg,128,128,BTR60,35,41,92,80
04779.jpeg,158,158,ZSU_23_4,52,50,107,109
04792.jpeg,158,158,ZSU_23_4,52,50,107,107
03943.jpeg,128,129,BRDM_2,36,44,93,82
03957.jpeg,128,129,BRDM_2,42,54,81,94
04786.jpeg,158,158,ZSU_23_4,48,58,111,109
04976.jpeg,158,158,ZSU_23_4,50,50,111,109
04962.jpeg,158,158,ZSU_23_4,50,52,111,107
04625.jpeg,128,128,BMP2,37,43,94,92
04143.jpeg,172,173,T62,51,60,121,110
03638.jpeg,158,158,2S1,44,52,109,107
04157.jpeg,172,173,T62,50,60,121,110
04631.jpeg,128,128,BMP2,45,55,88,94
04619.jpeg,128,128,BMP2,39,41,92,90
03176.jpeg,177,178,D7,61,54,117,121
03610.jpeg,158,158,2S1,44,56,111,103
03604.jpeg,158,158,2S1,46,48,111,111
03162.jpeg,177,178,D7,51,62,117,117
03189.jpeg,177,178,D7,51,62,117,117
03837.jpeg,128,129,BRDM_2,38,52,83,92
04180.jpeg,172,173,T62,53,54,123,116
03823.jpeg,128,129,BRDM_2,44,36,91,92
04194.jpeg,172,173,T62,50,58,120,118
04802.jpeg,158,158,ZSU_23_4,50,52,107,111
04816.jpeg,158,158,ZSU_23_4,52,52,111,109
04341.jpeg,192,193,ZIL131,57,62,128,130
03348.jpeg,177,178,D7,57,60,125,115
04427.jpeg,192,193,ZIL131,59,62,128,128
04433.jpeg,192,193,ZIL131,61,76,120,134
04355.jpeg,192,193,ZIL131,67,66,124,132
05063.jpeg,128,128,BTR70,35,35,88,94
03412.jpeg,158,158,2S1,44,56,113,105
03374.jpeg,177,178,D7,55,62,115,115
03360.jpeg,177,178,D7,57,58,113,117
05077.jpeg,128,128,BTR70,35,39,92,90
04369.jpeg,192,193,ZIL131,61,66,128,132
03406.jpeg,177,178,D7,51,60,119,113
04382.jpeg,192,193,ZIL131,59,66,130,128
04396.jpeg,192,193,ZIL131,67,70,124,130
05088.jpeg,128,128,BTR70,35,43,92,96
02917.jpeg,128,128,T72,39,39,90,94
02903.jpeg,128,128,T72,39,45,92,94
02915.jpeg,128,128,T72,33,49,96,92
02901.jpeg,128,128,T72,37,39,92,92
03389.jpeg,177,178,D7,55,58,123,119
04380.jpeg,192,193,ZIL131,67,74,134,136
02929.jpeg,128,128,T72,29,43,92,86
04394.jpeg,192,193,ZIL131,65,64,124,130
04419.jpeg,192,193,ZIL131,65,72,122,132
03376.jpeg,177,178,D7,51,58,119,115
03410.jpeg,177,178,D7,57,58,117,121
05061.jpeg,128,128,BTR70,35,43,92,86
03404.jpeg,177,178,D7,49,62,119,117
05075.jpeg,128,128,BTR70,37,57,82,96
03362.jpeg,177,178,D7,57,58,111,117
04425.jpeg,192,193,ZIL131,61,68,128,130
04343.jpeg,192,193,ZIL131,57,68,139,122
03438.jpeg,158,158,2S1,50,52,113,109
04357.jpeg,192,193,ZIL131,54,62,130,130
05049.jpeg,128,128,BTR70,35,53,80,90
04431.jpeg,192,193,ZIL131,59,60,126,134
03809.jpeg,128,129,BRDM_2,32,50,89,88
04800.jpeg,158,158,ZSU_23_4,50,50,105,109
04814.jpeg,158,158,ZSU_23_4,44,60,109,107
04182.jpeg,172,173,T62,57,66,112,122
03835.jpeg,128,129,BRDM_2,48,54,87,92
04828.jpeg,158,158,ZSU_23_4,46,58,111,109
04196.jpeg,172,173,T62,55,52,114,120
03821.jpeg,128,129,BRDM_2,36,50,79,90
03612.jpeg,158,158,2S1,46,46,105,109
03174.jpeg,177,178,D7,57,60,113,117
03160.jpeg,177,178,D7,51,60,117,117
04169.jpeg,172,173,T62,50,56,116,118
03606.jpeg,158,158,2S1,44,56,107,105
04141.jpeg,172,173,T62,53,52,120,116
03148.jpeg,177,178,D7,57,54,117,117
04627.jpeg,128,128,BMP2,35,47,94,86
04633.jpeg,128,128,BMP2,35,45,92,90
04155.jpeg,172,173,T62,51,54,118,120
04974.jpeg,158,158,ZSU_23_4,50,48,105,109
04960.jpeg,158,158,ZSU_23_4,50,50,107,109
03969.jpeg,172,173,T62,48,64,133,116
03941.jpeg,128,129,BRDM_2,38,40,89,90
03799.jpeg,128,129,BRDM_2,42,44,87,92
04790.jpeg,158,158,ZSU_23_4,46,58,111,109
04948.jpeg,158,158,ZSU_23_4,50,48,103,111
04784.jpeg,158,158,ZSU_23_4,52,52,101,111
03955.jpeg,128,129,BRDM_2,38,40,89,86
03766.jpeg,128,129,BRDM_2,32,46,89,88
04009.jpeg,172,173,T62,55,52,114,120
03000.jpeg,128,128,BTR60,33,41,92,86
03014.jpeg,128,128,BTR60,34,0,128,128
03772.jpeg,128,129,BRDM_2,44,52,89,92
04035.jpeg,172,173,T62,57,68,112,122
03982.jpeg,172,173,T62,53,50,118,116
04753.jpeg,158,158,ZSU_23_4,56,60,109,107
04747.jpeg,158,158,ZSU_23_4,56,54,107,109
03028.jpeg,128,128,BTR60,41,43,84,90
04021.jpeg,172,173,T62,48,56,118,118
03996.jpeg,172,173,T62,50,58,120,112
02861.jpeg,128,128,T72,41,53,86,94
02875.jpeg,128,128,T72,33,45,98,90
04592.jpeg,128,128,BMP2,35,43,94,92
02849.jpeg,128,128,T72,35,37,90,94
04586.jpeg,128,128,BMP2,39,41,90,92
03202.jpeg,177,178,D7,55,58,123,115
05115.jpeg,128,128,BTR70,39,51,86,96
03564.jpeg,158,158,2S1,52,52,113,109
05101.jpeg,128,128,BTR70,31,41,96,86
03570.jpeg,158,158,2S1,44,60,113,105
03216.jpeg,177,178,D7,59,58,117,115
04579.jpeg,128,128,BMP2,45,53,88,94
04551.jpeg,128,128,BMP2,33,41,82,94
05129.jpeg,128,128,BTR70,33,45,94,86
04237.jpeg,172,173,T62,51,56,118,118
03558.jpeg,158,158,2S1,44,56,111,105
04223.jpeg,172,173,T62,48,62,118,116
04545.jpeg,128,128,BMP2,41,45,86,94
04222.jpeg,172,173,T62,51,58,123,114
04544.jpeg,128,128,BMP2,35,43,92,86
04550.jpeg,128,128,BMP2,41,45,92,84
03559.jpeg,158,158,2S1,44,58,115,105
04236.jpeg,172,173,T62,51,54,116,118
05128.jpeg,128,128,BTR70,49,35,90,76
03571.jpeg,158,158,2S1,54,50,103,113
05100.jpeg,128,128,BTR70,31,49,92,86
04578.jpeg,128,128,BMP2,35,41,94,90
03217.jpeg,177,178,D7,61,54,117,121
03203.jpeg,177,178,D7,59,58,121,117
03565.jpeg,158,158,2S1,56,44,105,99
05114.jpeg,128,128,BTR70,31,45,94,86
02848.jpeg,128,128,T72,33,39,92,94
04587.jpeg,128,128,BMP2,35,43,92,84
04593.jpeg,128,128,BMP2,39,39,82,86
02874.jpeg,128,128,T72,37,43,84,96
02860.jpeg,128,128,T72,33,41,94,92
03029.jpeg,128,128,BTR60,37,37,90,86
04746.jpeg,158,158,ZSU_23_4,46,58,113,107
03997.jpeg,172,173,T62,57,54,114,122
04020.jpeg,172,173,T62,53,66,110,122
03983.jpeg,172,173,T62,51,50,114,118
04034.jpeg,172,173,T62,53,50,114,118
04752.jpeg,158,158,ZSU_23_4,48,50,107,109
03015.jpeg,128,128,BTR60,43,55,84,92
03773.jpeg,128,129,BRDM_2,48,52,89,92
04008.jpeg,172,173,T62,53,54,118,120
03767.jpeg,128,129,BRDM_2,32,40,93,86
03001.jpeg,128,128,BTR60,37,37,92,90
04785.jpeg,158,158,ZSU_23_4,50,48,107,109
03954.jpeg,128,129,BRDM_2,34,42,87,92
03798.jpeg,128,129,BRDM_2,36,44,93,82
03940.jpeg,128,129,BRDM_2,32,50,87,88
04949.jpeg,158,158,ZSU_23_4,56,60,109,109
04791.jpeg,158,158,ZSU_23_4,46,58,111,107
04961.jpeg,158,158,ZSU_23_4,46,54,107,111
03968.jpeg,128,129,BRDM_2,30,40,81,92
04975.jpeg,158,158,ZSU_23_4,50,50,111,107
04632.jpeg,128,128,BMP2,37,43,94,92
04154.jpeg,172,173,T62,51,58,120,112
04140.jpeg,172,173,T62,50,56,120,110
04626.jpeg,128,128,BMP2,33,45,92,86
03149.jpeg,177,178,D7,49,56,117,115
03161.jpeg,177,178,D7,57,52,117,119
03607.jpeg,158,158,2S1,52,68,99,111
04168.jpeg,172,173,T62,51,54,116,116
03613.jpeg,158,158,2S1,46,48,105,109
03175.jpeg,177,178,D7,57,60,123,113
04829.jpeg,158,158,ZSU_23_4,48,54,111,107
03820.jpeg,128,129,BRDM_2,34,52,79,92
04197.jpeg,172,173,T62,51,52,118,118
03834.jpeg,128,129,BRDM_2,34,52,79,92
04183.jpeg,172,173,T62,53,62,110,122
04815.jpeg,158,158,ZSU_23_4,48,50,107,109
03808.jpeg,128,129,BRDM_2,46,52,85,90
04801.jpeg,158,158,ZSU_23_4,50,52,109,109
05048.jpeg,128,128,BTR70,39,35,88,94
04356.jpeg,192,193,ZIL131,61,68,132,124
03439.jpeg,158,158,2S1,50,44,107,111
04430.jpeg,192,193,ZIL131,61,74,120,132
04424.jpeg,192,193,ZIL131,56,72,134,124
04342.jpeg,192,193,ZIL131,57,64,130,132
05074.jpeg,128,128,BTR70,41,55,82,96
03405.jpeg,177,178,D7,61,56,119,119
03363.jpeg,177,178,D7,53,60,117,117
03377.jpeg,177,178,D7,49,62,117,113
04418.jpeg,192,193,ZIL131,69,76,134,134
05060.jpeg,128,128,BTR70,45,61,84,96
03411.jpeg,158,158,2S1,42,56,111,103
04395.jpeg,192,193,ZIL131,56,58,128,134
03388.jpeg,177,178,D7,57,60,119,117
02928.jpeg,128,128,T72,31,41,92,84
04381.jpeg,192,193,ZIL131,56,72,128,128
02900.jpeg,128,128,T72,33,47,94,92
02914.jpeg,128,128,T72,41,47,88,92
04385.jpeg,192,193,ZIL131,65,62,124,130
03398.jpeg,177,178,D7,55,60,113,115
04391.jpeg,192,193,ZIL131,56,66,130,130
02938.jpeg,128,128,T72,29,43,94,84
02910.jpeg,128,128,T72,39,45,86,92
02904.jpeg,128,128,T72,41,45,88,96
04346.jpeg,192,193,ZIL131,59,66,128,130
03429.jpeg,158,158,2S1,50,46,111,111
05058.jpeg,128,128,BTR70,41,55,80,96
04420.jpeg,192,193,ZIL131,69,70,128,134
04434.jpeg,192,193,ZIL131,57,66,134,124
04352.jpeg,192,193,ZIL131,61,68,128,130
03415.jpeg,158,158,2S1,54,66,107,111
05064.jpeg,128,128,BTR70,49,51,90,90
03373.jpeg,177,178,D7,57,62,123,117
03367.jpeg,177,178,D7,57,60,117,115
04408.jpeg,192,193,ZIL131,50,70,130,124
03401.jpeg,177,178,D7,55,58,113,115
05070.jpeg,128,128,BTR70,35,57,80,94
04839.jpeg,158,158,ZSU_23_4,48,50,109,109
04187.jpeg,172,173,T62,50,58,120,112
03830.jpeg,128,129,BRDM_2,38,46,97,82
04193.jpeg,172,173,T62,50,58,121,114
03824.jpeg,128,129,BRDM_2,38,52,81,90
04805.jpeg,158,158,ZSU_23_4,48,56,111,103
03818.jpeg,128,129,BRDM_2,36,48,81,92
04811.jpeg,158,158,ZSU_23_4,46,54,111,101
04622.jpeg,128,128,BMP2,45,53,88,96
04144.jpeg,172,173,T62,48,60,118,116
04150.jpeg,172,173,T62,50,62,118,118
04636.jpeg,128,128,BMP2,41,49,84,96
03159.jpeg,177,178,D7,51,62,119,115
03171.jpeg,177,178,D7,57,58,121,117
03617.jpeg,158,158,2S1,50,66,101,111
04178.jpeg,172,173,T62,51,54,116,122
03603.jpeg,158,158,2S1,54,50,101,113
03165.jpeg,177,178,D7,51,60,119,113
04795.jpeg,158,158,ZSU_23_4,46,56,111,103
03944.jpeg,128,129,BRDM_2,30,50,73,88
03950.jpeg,128,129,BRDM_2,38,42,95,82
03788.jpeg,128,129,BRDM_2,46,54,87,92
04781.jpeg,158,158,ZSU_23_4,48,54,111,109
04959.jpeg,158,158,ZSU_23_4,46,52,111,105
04971.jpeg,158,158,ZSU_23_4,56,58,107,109
03978.jpeg,172,173,T62,53,56,116,120
04965.jpeg,158,158,ZSU_23_4,48,54,109,109
03039.jpeg,128,128,BTR60,37,43,92,92
04756.jpeg,158,158,ZSU_23_4,50,48,107,109
04030.jpeg,172,173,T62,53,50,114,120
03987.jpeg,172,173,T62,53,54,116,122
04024.jpeg,172,173,T62,51,60,116,120
03993.jpeg,172,173,T62,53,52,118,118
04742.jpeg,158,158,ZSU_23_4,52,56,105,105
03005.jpeg,128,128,BTR60,35,41,94,90
03763.jpeg,128,129,BRDM_2,36,44,89,92
04018.jpeg,172,173,T62,48,62,120,116
03777.jpeg,128,129,BRDM_2,44,54,85,92
03011.jpeg,128,128,BTR60,35,43,94,84
02858.jpeg,128,128,T72,33,41,90,86
04597.jpeg,128,128,BMP2,35,39,86,94
04583.jpeg,128,128,BMP2,35,45,94,88
02864.jpeg,128,128,T72,19,43,92,86
02870.jpeg,128,128,T72,31,47,92,86
04232.jpeg,172,173,T62,57,50,116,120
04554.jpeg,128,128,BMP2,33,43,94,84
04540.jpeg,128,128,BMP2,39,41,94,86
05138.jpeg,128,128,BTR70,33,45,94,88
03549.jpeg,158,158,2S1,46,50,111,113
04226.jpeg,172,173,T62,51,58,121,110
05110.jpeg,128,128,BTR70,33,43,92,90
03561.jpeg,158,158,2S1,48,48,109,109
04568.jpeg,128,128,BMP2,35,47,92,86
03207.jpeg,177,178,D7,57,56,123,113
03213.jpeg,177,178,D7,51,62,117,117
05104.jpeg,128,128,BTR70,39,39,90,98
03575.jpeg,158,158,2S1,48,68,99,113
03212.jpeg,177,178,D7,57,60,113,119
03574.jpeg,158,158,2S1,46,58,95,105
05105.jpeg,128,128,BTR70,45,55,84,96
03560.jpeg,158,158,2S1,44,48,107,109
05111.jpeg,128,128,BTR70,29,43,94,82
03206.jpeg,177,178,D7,55,62,117,117
04569.jpeg,128,128,BMP2,35,45,96,90
04541.jpeg,128,128,BMP2,45,53,88,94
04227.jpeg,172,173,T62,50,58,116,116
03548.jpeg,158,158,2S1,42,52,113,109
05139.jpeg,128,128,BTR70,33,45,94,84
04233.jpeg,172,173,T62,53,60,110,120
04555.jpeg,128,128,BMP2,39,39,90,94
02871.jpeg,128,128,T72,33,47,96,88
02865.jpeg,128,128,T72,39,43,84,94
04582.jpeg,128,128,BMP2,33,47,94,90
02859.jpeg,128,128,T72,41,53,88,92
04596.jpeg,128,128,BMP2,35,43,90,92
03776.jpeg,128,129,BRDM_2,44,52,89,92
04019.jpeg,172,173,T62,50,54,118,120
03010.jpeg,128,128,BTR60,33,41,92,86
03004.jpeg,128,128,BTR60,35,39,86,90
03762.jpeg,128,129,BRDM_2,38,42,95,92
03992.jpeg,172,173,T62,50,60,120,112
04025.jpeg,172,173,T62,55,54,114,120
04743.jpeg,158,158,ZSU_23_4,46,56,111,109
04757.jpeg,158,158,ZSU_23_4,50,50,107,107
03038.jpeg,128,128,BTR60,0,0,70,40
03986.jpeg,172,173,T62,48,64,118,114
04031.jpeg,172,173,T62,57,68,110,120
04964.jpeg,158,158,ZSU_23_4,44,60,113,109
04970.jpeg,158,158,ZSU_23_4,46,60,109,107
03979.jpeg,172,173,T62,50,62,120,118
03789.jpeg,128,129,BRDM_2,40,50,81,88
03951.jpeg,128,129,BRDM_2,48,52,89,90
04958.jpeg,158,158,ZSU_23_4,44,58,109,109
04780.jpeg,158,158,ZSU_23_4,46,56,113,107
04794.jpeg,158,158,ZSU_23_4,48,56,113,109
03945.jpeg,128,129,BRDM_2,34,44,91,90
03602.jpeg,158,158,2S1,54,54,115,109
03164.jpeg,177,178,D7,57,50,117,119
03170.jpeg,177,178,D7,61,64,115,121
04179.jpeg,172,173,T62,53,58,120,118
03616.jpeg,158,158,2S1,44,60,113,103
04151.jpeg,172,173,T62,51,54,116,120
03158.jpeg,177,178,D7,55,50,117,117
04637.jpeg,128,128,BMP2,33,47,90,90
04623.jpeg,128,128,BMP2,41,45,82,94
04145.jpeg,172,173,T62,51,52,120,112
03819.jpeg,128,129,BRDM_2,38,40,89,86
04810.jpeg,158,158,ZSU_23_4,54,54,103,113
04804.jpeg,158,158,ZSU_23_4,40,58,109,107
03825.jpeg,128,129,BRDM_2,40,52,83,92
04192.jpeg,172,173,T62,38,58,123,110
04838.jpeg,158,158,ZSU_23_4,46,56,111,105
03831.jpeg,128,129,BRDM_2,40,56,79,92
04186.jpeg,172,173,T62,53,60,110,118
04409.jpeg,192,193,ZIL131,63,82,120,134
03366.jpeg,177,178,D7,53,60,125,115
05071.jpeg,128,128,BTR70,45,61,88,98
03400.jpeg,177,178,D7,61,54,119,117
05065.jpeg,128,128,BTR70,47,51,92,88
03414.jpeg,158,158,2S1,52,46,107,113
03372.jpeg,177,178,D7,51,60,123,115
04435.jpeg,192,193,ZIL131,56,64,134,122
04353.jpeg,192,193,ZIL131,56,62,128,130
05059.jpeg,128,128,BTR70,33,53,76,90
03428.jpeg,158,158,2S1,46,58,117,105
04347.jpeg,192,193,ZIL131,54,72,132,124
04421.jpeg,192,193,ZIL131,59,62,134,124
02905.jpeg,128,128,T72,35,39,86,92
02911.jpeg,128,128,T72,39,45,86,92
03399.jpeg,177,178,D7,57,60,113,117
02939.jpeg,128,128,T72,33,43,94,88
04390.jpeg,192,193,ZIL131,57,62,128,130
04384.jpeg,192,193,ZIL131,59,82,118,134
04392.jpeg,192,193,ZIL131,61,62,130,128
05098.jpeg,128,128,BTR70,35,41,92,92
04386.jpeg,192,193,ZIL131,59,62,132,128
02907.jpeg,128,128,T72,43,47,90,94
02913.jpeg,128,128,T72,25,43,90,86
04351.jpeg,192,193,ZIL131,63,64,126,130
03358.jpeg,177,178,D7,57,62,115,115
04437.jpeg,192,193,ZIL131,57,64,132,132
04423.jpeg,192,193,ZIL131,56,74,132,126
04345.jpeg,192,193,ZIL131,57,74,120,136
03402.jpeg,177,178,D7,55,58,115,117
05073.jpeg,128,128,BTR70,33,39,92,92
03364.jpeg,177,178,D7,53,58,115,117
03370.jpeg,177,178,D7,57,58,113,115
04379.jpeg,192,193,ZIL131,63,66,128,132
03416.jpeg,158,158,2S1,48,54,113,107
05067.jpeg,128,128,BTR70,33,45,94,84
03199.jpeg,177,178,D7,53,64,123,117
04190.jpeg,172,173,T62,57,62,114,120
03827.jpeg,128,129,BRDM_2,36,36,89,90
04184.jpeg,172,173,T62,53,54,120,118
03833.jpeg,128,129,BRDM_2,42,52,85,92
04812.jpeg,158,158,ZSU_23_4,52,46,99,111
04806.jpeg,158,158,ZSU_23_4,50,48,105,111
04635.jpeg,128,128,BMP2,33,45,92,90
04153.jpeg,172,173,T62,51,56,116,116
03628.jpeg,158,158,2S1,48,58,115,107
04147.jpeg,172,173,T62,53,54,118,116
04621.jpeg,128,128,BMP2,37,39,90,90
04609.jpeg,128,128,BMP2,29,45,92,86
03166.jpeg,177,178,D7,49,56,119,113
03600.jpeg,158,158,2S1,44,52,109,107
03614.jpeg,158,158,2S1,46,52,107,113
03172.jpeg,177,178,D7,55,60,115,113
04782.jpeg,158,158,ZSU_23_4,46,56,109,107
03953.jpeg,128,129,BRDM_2,38,50,79,88
03947.jpeg,128,129,BRDM_2,46,50,87,90
04796.jpeg,158,158,ZSU_23_4,46,56,111,107
04966.jpeg,158,158,ZSU_23_4,46,56,109,109
04972.jpeg,158,158,ZSU_23_4,46,54,111,107
04999.jpeg,128,128,BTR70,35,39,92,92
04741.jpeg,158,158,ZSU_23_4,48,50,107,109
04027.jpeg,172,173,T62,50,56,118,116
03748.jpeg,128,129,BRDM_2,48,52,85,88
03990.jpeg,172,173,T62,50,52,116,114
04033.jpeg,172,173,T62,57,66,112,120
03984.jpeg,172,173,T62,51,52,116,120
04755.jpeg,158,158,ZSU_23_4,46,56,109,109
03012.jpeg,128,128,BTR60,49,53,92,94
03774.jpeg,128,129,BRDM_2,28,48,85,88
03760.jpeg,128,129,BRDM_2,42,54,83,92
03006.jpeg,128,128,BTR60,43,49,86,94
04769.jpeg,158,158,ZSU_23_4,46,50,107,107
03589.jpeg,158,158,2S1,46,50,111,109
04580.jpeg,128,128,BMP2,35,43,92,96
04594.jpeg,128,128,BMP2,41,39,88,94
02873.jpeg,128,128,T72,35,45,96,92
02867.jpeg,128,128,T72,33,39,92,92
04225.jpeg,172,173,T62,50,58,121,108
04543.jpeg,128,128,BMP2,41,45,80,92
04557.jpeg,128,128,BMP2,35,39,92,86
03238.jpeg,177,178,D7,67,60,133,113
02898.jpeg,128,128,T72,41,43,86,94
04231.jpeg,172,173,T62,51,58,120,112
05107.jpeg,128,128,BTR70,33,47,94,84
03576.jpeg,158,158,2S1,44,54,113,109
04219.jpeg,172,173,T62,50,58,116,114
03210.jpeg,177,178,D7,57,58,119,119
03204.jpeg,177,178,D7,63,62,115,117
05113.jpeg,128,128,BTR70,35,57,80,94
03562.jpeg,158,158,2S1,56,60,107,113
03205.jpeg,177,178,D7,57,58,113,117
03563.jpeg,158,158,2S1,48,50,111,113
05112.jpeg,128,128,BTR70,31,43,94,88
04218.jpeg,172,173,T62,48,60,118,118
03577.jpeg,158,158,2S1,44,58,113,103
05106.jpeg,128,128,BTR70,33,41,94,90
03211.jpeg,177,178,D7,61,56,123,117
03239.jpeg,177,178,D7,55,62,121,117
04556.jpeg,128,128,BMP2,37,45,94,90
04230.jpeg,172,173,T62,55,64,112,122
02899.jpeg,128,128,T72,31,45,92,84
04224.jpeg,172,173,T62,50,54,116,120
04542.jpeg,128,128,BMP2,37,37,86,92
02866.jpeg,128,128,T72,33,47,96,92
02872.jpeg,128,128,T72,31,45,94,88
04595.jpeg,128,128,BMP2,39,37,84,86
03588.jpeg,158,158,2S1,44,54,111,109
04581.jpeg,128,128,BMP2,37,45,94,88
03761.jpeg,128,129,BRDM_2,34,52,79,92
04768.jpeg,158,158,ZSU_23_4,48,54,113,105
03007.jpeg,128,128,BTR60,35,41,88,92
03013.jpeg,128,128,BTR60,39,55,78,94
03775.jpeg,128,129,BRDM_2,48,52,85,90
03985.jpeg,172,173,T62,57,68,110,122
04032.jpeg,172,173,T62,48,66,120,118
04754.jpeg,158,158,ZSU_23_4,46,54,109,111
04740.jpeg,158,158,ZSU_23_4,46,58,111,109
04998.jpeg,128,128,BTR70,29,39,94,86
03991.jpeg,172,173,T62,51,60,120,120
03749.jpeg,128,129,BRDM_2,34,52,77,90
04026.jpeg,172,173,T62,51,54,116,118
04973.jpeg,158,158,ZSU_23_4,48,48,105,109
04967.jpeg,158,158,ZSU_23_4,46,58,111,109
03946.jpeg,128,129,BRDM_2,44,52,87,92
04797.jpeg,158,158,ZSU_23_4,50,48,107,107
04783.jpeg,158,158,ZSU_23_4,46,54,111,107
03952.jpeg,128,129,BRDM_2,36,52,77,88
03615.jpeg,158,158,2S1,58,46,109,111
03173.jpeg,177,178,D7,51,64,117,117
03167.jpeg,177,178,D7,53,58,117,117
04608.jpeg,128,128,BMP2,39,39,92,88
03601.jpeg,158,158,2S1,42,58,111,103
04146.jpeg,172,173,T62,51,54,114,118
03629.jpeg,158,158,2S1,46,50,109,109
04620.jpeg,128,128,BMP2,35,47,94,86
04634.jpeg,128,128,BMP2,33,41,88,92
04152.jpeg,172,173,T62,50,58,120,118
04807.jpeg,158,158,ZSU_23_4,48,54,113,103
04813.jpeg,158,158,ZSU_23_4,50,44,101,113
03832.jpeg,128,129,BRDM_2,36,42,89,84
04185.jpeg,172,173,T62,57,64,114,122
03198.jpeg,177,178,D7,57,60,117,115
03826.jpeg,128,129,BRDM_2,36,50,77,88
04191.jpeg,172,173,T62,51,54,118,120
03371.jpeg,177,178,D7,57,62,117,117
05066.jpeg,128,128,BTR70,31,43,96,86
03417.jpeg,158,158,2S1,52,46,107,113
04378.jpeg,192,193,ZIL131,50,74,132,126
05072.jpeg,128,128,BTR70,27,43,94,86
03403.jpeg,177,178,D7,53,54,117,115
03365.jpeg,177,178,D7,57,58,111,121
04422.jpeg,192,193,ZIL131,59,64,130,126
04344.jpeg,192,193,ZIL131,61,74,126,136
04350.jpeg,192,193,ZIL131,54,72,132,124
04436.jpeg,192,193,ZIL131,71,72,128,134
03359.jpeg,177,178,D7,51,58,121,115
02912.jpeg,128,128,T72,33,49,96,92
02906.jpeg,128,128,T72,31,47,92,90
04387.jpeg,192,193,ZIL131,54,74,135,126
05099.jpeg,128,128,BTR70,35,45,92,94
04393.jpeg,192,193,ZIL131,63,56,130,132
02961.jpeg,128,128,BTR60,35,37,92,90
02975.jpeg,128,128,BTR60,35,37,90,86
02785.jpeg,128,128,T72,31,41,88,92
04492.jpeg,192,193,ZIL131,59,74,134,126
04486.jpeg,192,193,ZIL131,56,66,130,130
02791.jpeg,128,128,T72,35,47,96,90
02949.jpeg,128,128,BTR60,37,35,86,88
03464.jpeg,158,158,2S1,42,52,109,109
05015.jpeg,128,128,BTR70,37,37,88,94
03302.jpeg,177,178,D7,55,58,121,113
04479.jpeg,192,193,ZIL131,59,82,112,132
03316.jpeg,177,178,D7,51,64,123,115
03470.jpeg,158,158,2S1,44,54,111,111
05001.jpeg,128,128,BTR70,33,43,92,88
03458.jpeg,158,158,2S1,56,64,107,113
04337.jpeg,192,193,ZIL131,56,64,128,132
05029.jpeg,128,128,BTR70,45,63,88,96
02746.jpeg,128,128,T72,33,41,92,92
04451.jpeg,192,193,ZIL131,56,66,134,122
04445.jpeg,192,193,ZIL131,61,64,128,130
04323.jpeg,192,193,ZIL131,59,68,132,124
02752.jpeg,128,128,T72,33,45,92,94
04874.jpeg,158,158,ZSU_23_4,48,56,113,107
03869.jpeg,128,129,BRDM_2,32,42,89,92
04860.jpeg,158,158,ZSU_23_4,46,56,109,111
04848.jpeg,158,158,ZSU_23_4,50,48,107,109
04690.jpeg,128,128,BMP2,35,41,90,86
03699.jpeg,128,129,BRDM_2,42,52,81,90
03841.jpeg,128,129,BRDM_2,32,50,87,88
03855.jpeg,128,129,BRDM_2,32,44,89,90
04684.jpeg,128,128,BMP2,37,39,86,86
03100.jpeg,128,128,BTR60,35,37,92,82
04109.jpeg,172,173,T62,55,50,114,120
03666.jpeg,158,158,2S1,48,46,109,109
03672.jpeg,158,158,2S1,56,68,105,113
03114.jpeg,128,128,BTR60,33,39,86,90
04653.jpeg,128,128,BMP2,37,37,78,92
03882.jpeg,128,129,BRDM_2,44,54,85,88
04135.jpeg,172,173,T62,46,62,118,114
03896.jpeg,128,129,BRDM_2,30,34,97,100
04121.jpeg,172,173,T62,51,54,118,118
03128.jpeg,128,128,BTR60,37,43,88,90
04647.jpeg,128,128,BMP2,37,41,90,90
04900.jpeg,158,158,ZSU_23_4,48,54,111,107
03909.jpeg,128,129,BRDM_2,42,54,79,94
04914.jpeg,158,158,ZSU_23_4,48,50,105,111
03935.jpeg,128,129,BRDM_2,42,50,85,92
04082.jpeg,172,173,T62,50,58,121,114
03921.jpeg,128,129,BRDM_2,36,34,91,92
04096.jpeg,172,173,T62,51,60,121,112
04928.jpeg,158,158,ZSU_23_4,46,58,113,107
03074.jpeg,128,128,BTR60,41,39,84,96
03712.jpeg,128,129,BRDM_2,36,40,91,86
03706.jpeg,128,129,BRDM_2,32,52,89,88
04069.jpeg,172,173,T62,48,60,118,118
03060.jpeg,128,128,BTR60,49,51,92,92
04727.jpeg,158,158,ZSU_23_4,50,52,107,111
03048.jpeg,128,128,BTR60,39,41,88,92
04041.jpeg,172,173,T62,53,50,116,116
04055.jpeg,172,173,T62,50,54,116,120
04733.jpeg,158,158,ZSU_23_4,48,56,113,107
02815.jpeg,128,128,T72,29,43,92,86
02801.jpeg,128,128,T72,41,45,86,94
04280.jpeg,192,193,ZIL131,63,62,124,130
02829.jpeg,128,128,T72,31,43,92,92
03289.jpeg,177,178,D7,49,62,123,117
04294.jpeg,192,193,ZIL131,56,70,134,128
05161.jpeg,128,128,BTR70,31,45,94,84
03510.jpeg,158,158,2S1,44,58,113,103
03276.jpeg,177,178,D7,49,56,117,115
04519.jpeg,128,128,BMP2,39,41,92,92
03262.jpeg,177,178,D7,57,56,117,115
05175.jpeg,128,128,BTR70,33,41,94,90
03504.jpeg,158,158,2S1,46,54,113,105
04243.jpeg,192,193,ZIL131,67,74,124,134
04525.jpeg,128,128,BMP2,35,41,86,92
04531.jpeg,128,128,BMP2,35,41,94,86
05149.jpeg,128,128,BTR70,35,57,82,98
04257.jpeg,192,193,ZIL131,57,70,130,128
03538.jpeg,158,158,2S1,42,58,111,101
04530.jpeg,128,128,BMP2,35,45,94,84
03539.jpeg,158,158,2S1,50,48,109,113
04256.jpeg,192,193,ZIL131,61,80,124,132
05148.jpeg,128,128,BTR70,35,39,94,90
04242.jpeg,192,193,ZIL131,61,62,128,130
04524.jpeg,128,128,BMP2,33,49,90,88
03263.jpeg,177,178,D7,63,64,117,119
03505.jpeg,158,158,2S1,52,64,103,109
05174.jpeg,128,128,BTR70,35,45,94,86
03511.jpeg,158,158,2S1,44,48,111,109
05160.jpeg,128,128,BTR70,45,53,86,94
04518.jpeg,128,128,BMP2,35,47,94,86
03277.jpeg,177,178,D7,57,58,123,119
04295.jpeg,192,193,ZIL131,63,60,132,136
02828.jpeg,128,128,T72,35,39,88,94
04281.jpeg,192,193,ZIL131,67,68,126,132
03288.jpeg,177,178,D7,59,54,117,119
02800.jpeg,128,128,T72,41,47,90,94
02814.jpeg,128,128,T72,41,45,88,96
04054.jpeg,172,173,T62,48,66,118,116
04732.jpeg,158,158,ZSU_23_4,48,52,109,109
03049.jpeg,128,128,BTR60,35,43,88,90
04726.jpeg,158,158,ZSU_23_4,48,56,113,103
04040.jpeg,172,173,T62,51,58,121,114
04068.jpeg,172,173,T62,50,62,120,116
03707.jpeg,128,129,BRDM_2,44,52,85,92
03061.jpeg,128,128,BTR60,35,37,86,92
03075.jpeg,128,128,BTR60,0,0,118,94
03713.jpeg,128,129,BRDM_2,52,44,95,84
04097.jpeg,172,173,T62,53,52,116,120
03920.jpeg,128,129,BRDM_2,46,52,83,92
04929.jpeg,158,158,ZSU_23_4,48,56,113,109
04083.jpeg,172,173,T62,59,66,112,118
03934.jpeg,128,129,BRDM_2,32,46,91,90
04915.jpeg,158,158,ZSU_23_4,50,50,111,107
04901.jpeg,158,158,ZSU_23_4,48,52,111,107
03908.jpeg,128,129,BRDM_2,48,50,93,88
04120.jpeg,172,173,T62,57,50,118,120
03897.jpeg,128,129,BRDM_2,44,52,85,94
04646.jpeg,128,128,BMP2,33,47,92,84
03129.jpeg,128,128,BTR60,39,41,90,92
04652.jpeg,128,128,BMP2,33,45,92,84
04134.jpeg,172,173,T62,50,54,112,118
03883.jpeg,128,129,BRDM_2,32,52,77,90
03673.jpeg,158,158,2S1,42,56,111,107
03115.jpeg,128,128,BTR60,43,39,90,96
03101.jpeg,128,128,BTR60,45,37,82,84
03667.jpeg,158,158,2S1,42,58,115,105
04108.jpeg,172,173,T62,55,50,114,122
03854.jpeg,128,129,BRDM_2,40,48,83,86
04685.jpeg,128,128,BMP2,41,41,92,90
04691.jpeg,128,128,BMP2,35,43,90,96
04849.jpeg,158,158,ZSU_23_4,50,48,105,111
03840.jpeg,128,129,BRDM_2,42,50,81,92
03698.jpeg,128,129,BRDM_2,38,52,79,88
03868.jpeg,128,129,BRDM_2,40,50,81,90
04861.jpeg,158,158,ZSU_23_4,52,50,105,111
04875.jpeg,158,158,ZSU_23_4,44,56,111,103
04444.jpeg,192,193,ZIL131,61,76,118,132
02753.jpeg,128,128,T72,33,45,96,92
04322.jpeg,192,193,ZIL131,57,66,130,130
02747.jpeg,128,128,T72,31,43,94,88
05028.jpeg,128,128,BTR70,45,59,84,96
04336.jpeg,192,193,ZIL131,56,64,130,126
03459.jpeg,158,158,2S1,54,50,111,111
04450.jpeg,192,193,ZIL131,65,62,128,130
03317.jpeg,177,178,D7,59,54,117,119
04478.jpeg,192,193,ZIL131,65,76,124,132
05000.jpeg,128,128,BTR70,27,43,94,86
03471.jpeg,158,158,2S1,54,50,109,111
05014.jpeg,128,128,BTR70,41,57,82,96
03465.jpeg,158,158,2S1,42,52,109,107
03303.jpeg,177,178,D7,57,52,115,117
04487.jpeg,192,193,ZIL131,57,70,135,120
02948.jpeg,128,128,BTR60,62,0,128,128
02790.jpeg,128,128,T72,33,43,94,90
02784.jpeg,128,128,T72,41,47,84,94
04493.jpeg,192,193,ZIL131,57,72,118,134
02974.jpeg,128,128,BTR60,35,39,88,92
02960.jpeg,128,128,BTR60,35,37,94,88
02976.jpeg,128,128,BTR60,33,37,92,82
02962.jpeg,128,128,BTR60,37,43,90,94
02792.jpeg,128,128,T72,41,47,86,94
04485.jpeg,192,193,ZIL131,57,68,128,128
04491.jpeg,192,193,ZIL131,65,62,126,130
02786.jpeg,128,128,T72,35,47,98,90
03498.jpeg,158,158,2S1,54,44,103,111
03473.jpeg,158,158,2S1,42,54,113,109
05002.jpeg,128,128,BTR70,31,43,94,82
03315.jpeg,177,178,D7,49,56,117,115
03301.jpeg,177,178,D7,53,52,117,115
03467.jpeg,158,158,2S1,46,52,97,103
04308.jpeg,192,193,ZIL131,57,66,137,122
05016.jpeg,128,128,BTR70,33,47,92,86
02779.jpeg,128,128,T72,35,49,94,90
02989.jpeg,128,128,BTR60,37,37,82,88
04320.jpeg,192,193,ZIL131,56,72,134,126
02751.jpeg,128,128,T72,43,47,88,94
04446.jpeg,192,193,ZIL131,50,72,132,124
03329.jpeg,177,178,D7,61,58,115,115
04452.jpeg,192,193,ZIL131,65,66,122,132
04334.jpeg,192,193,ZIL131,52,74,120,134
04863.jpeg,158,158,ZSU_23_4,48,50,109,107
04877.jpeg,158,158,ZSU_23_4,46,52,109,107
04687.jpeg,128,128,BMP2,41,53,84,94
03856.jpeg,128,129,BRDM_2,44,52,85,92
03842.jpeg,128,129,BRDM_2,42,52,81,90
04693.jpeg,128,128,BMP2,37,41,92,92
03117.jpeg,128,128,BTR60,35,43,90,90
04678.jpeg,128,128,BMP2,35,47,82,88
03671.jpeg,158,158,2S1,46,60,113,103
03665.jpeg,158,158,2S1,50,44,105,111
03103.jpeg,128,128,BTR60,35,41,92,88
04644.jpeg,128,128,BMP2,43,39,94,84
03895.jpeg,128,129,BRDM_2,34,42,89,82
04122.jpeg,172,173,T62,50,60,120,118
03881.jpeg,128,129,BRDM_2,38,56,77,94
04136.jpeg,172,173,T62,53,52,116,118
03659.jpeg,158,158,2S1,50,54,113,109
04650.jpeg,128,128,BMP2,41,41,92,90
04888.jpeg,158,158,ZSU_23_4,50,52,109,111
04917.jpeg,158,158,ZSU_23_4,46,56,109,111
04903.jpeg,158,158,ZSU_23_4,48,56,111,107
03922.jpeg,128,129,BRDM_2,36,40,93,82
04095.jpeg,172,173,T62,53,52,120,116
03936.jpeg,128,129,BRDM_2,48,52,87,92
04081.jpeg,172,173,T62,53,50,116,118
03088.jpeg,128,128,BTR60,39,35,86,90
03063.jpeg,128,128,BTR60,41,37,88,94
03705.jpeg,128,129,BRDM_2,36,42,95,82
03711.jpeg,128,129,BRDM_2,36,48,77,84
04718.jpeg,158,158,ZSU_23_4,46,52,109,107
03077.jpeg,128,128,BTR60,35,47,78,86
04730.jpeg,158,158,ZSU_23_4,38,60,113,107
03739.jpeg,128,129,BRDM_2,36,44,97,82
04056.jpeg,172,173,T62,50,64,120,118
04042.jpeg,172,173,T62,50,54,120,118
04724.jpeg,158,158,ZSU_23_4,46,54,111,107
02802.jpeg,128,128,T72,31,43,94,90
02816.jpeg,128,128,T72,35,45,96,94
04297.jpeg,192,193,ZIL131,59,68,132,128
04283.jpeg,192,193,ZIL131,67,72,128,132
05176.jpeg,128,128,BTR70,43,47,92,92
04268.jpeg,192,193,ZIL131,61,60,130,130
03507.jpeg,158,158,2S1,46,54,115,109
03261.jpeg,177,178,D7,57,58,113,121
03275.jpeg,177,178,D7,53,60,123,117
05162.jpeg,128,128,BTR70,35,43,92,94
03513.jpeg,158,158,2S1,44,58,113,105
04254.jpeg,192,193,ZIL131,61,64,134,128
04532.jpeg,128,128,BMP2,33,47,94,86
03249.jpeg,177,178,D7,57,52,119,119
04526.jpeg,128,128,BMP2,41,45,82,94
04240.jpeg,172,173,T62,51,52,116,116
04527.jpeg,128,128,BMP2,35,45,94,86
03248.jpeg,177,178,D7,59,58,123,115
04241.jpeg,172,173,T62,53,52,112,122
04255.jpeg,192,193,ZIL131,48,72,132,126
04533.jpeg,128,128,BMP2,37,39,80,88
03274.jpeg,177,178,D7,59,56,115,121
03512.jpeg,158,158,2S1,50,50,111,113
05163.jpeg,128,128,BTR70,43,59,84,96
03506.jpeg,158,158,2S1,44,62,111,103
04269.jpeg,192,193,ZIL131,59,84,112,132
05177.jpeg,128,128,BTR70,45,59,86,98
03260.jpeg,177,178,D7,59,58,123,115
04282.jpeg,192,193,ZIL131,63,62,124,130
04296.jpeg,192,193,ZIL131,67,72,134,136
02817.jpeg,128,128,T72,33,45,94,88
02803.jpeg,128,128,T72,33,47,94,92
04043.jpeg,172,173,T62,51,56,120,118
04725.jpeg,158,158,ZSU_23_4,50,48,105,111
04731.jpeg,158,158,ZSU_23_4,48,56,111,109
04057.jpeg,172,173,T62,51,56,120,112
03738.jpeg,128,129,BRDM_2,36,42,93,82
03710.jpeg,128,129,BRDM_2,42,44,85,90
03076.jpeg,128,128,BTR60,31,35,94,80
04719.jpeg,158,158,ZSU_23_4,48,50,109,105
03062.jpeg,128,128,BTR60,35,43,92,90
03704.jpeg,128,129,BRDM_2,38,40,95,80
04080.jpeg,172,173,T62,53,52,118,116
03937.jpeg,128,129,BRDM_2,40,48,81,88
03089.jpeg,128,128,BTR60,37,35,88,86
04094.jpeg,172,173,T62,51,50,112,120
03923.jpeg,128,129,BRDM_2,36,42,87,94
04902.jpeg,158,158,ZSU_23_4,48,58,109,111
04916.jpeg,158,158,ZSU_23_4,52,46,107,109
03658.jpeg,158,158,2S1,54,54,105,113
04137.jpeg,172,173,T62,55,56,114,118
03880.jpeg,128,129,BRDM_2,46,54,87,92
04889.jpeg,158,158,ZSU_23_4,48,52,111,109
04651.jpeg,128,128,BMP2,35,49,98,88
04645.jpeg,128,128,BMP2,37,45,94,94
04123.jpeg,172,173,T62,53,52,116,118
03894.jpeg,128,129,BRDM_2,28,32,105,98
03664.jpeg,158,158,2S1,44,54,111,111
03102.jpeg,128,128,BTR60,33,43,92,84
04679.jpeg,128,128,BMP2,43,55,84,94
03116.jpeg,128,128,BTR60,37,43,90,96
03670.jpeg,158,158,2S1,50,46,105,113
03843.jpeg,128,129,BRDM_2,38,38,89,90
04692.jpeg,128,128,BMP2,35,43,92,96
04686.jpeg,128,128,BMP2,35,49,94,86
03857.jpeg,128,129,BRDM_2,38,48,81,90
04876.jpeg,158,158,ZSU_23_4,52,50,103,111
04862.jpeg,158,158,ZSU_23_4,48,52,109,109
04453.jpeg,192,193,ZIL131,57,70,135,124
04335.jpeg,192,193,ZIL131,63,64,130,128
02750.jpeg,128,128,T72,33,49,96,86
04321.jpeg,192,193,ZIL131,61,66,128,132
02988.jpeg,128,128,BTR60,33,43,94,88
03328.jpeg,177,178,D7,57,60,117,115
04447.jpeg,192,193,ZIL131,57,76,120,134
03300.jpeg,177,178,D7,49,54,115,117
02778.jpeg,128,128,T72,35,47,104,88
05017.jpeg,128,128,BTR70,35,39,90,92
04309.jpeg,192,193,ZIL131,57,66,135,120
03466.jpeg,158,158,2S1,50,68,99,111
05003.jpeg,128,128,BTR70,45,55,84,94
03472.jpeg,158,158,2S1,44,58,113,107
03314.jpeg,177,178,D7,55,64,117,115
04490.jpeg,192,193,ZIL131,71,72,128,134
03499.jpeg,158,158,2S1,44,58,107,107
02787.jpeg,128,128,T72,31,45,94,90
02793.jpeg,128,128,T72,39,45,86,96
04484.jpeg,192,193,ZIL131,71,84,130,134
02963.jpeg,128,128,BTR60,33,43,94,86
02977.jpeg,128,128,BTR60,35,43,94,88
04480.jpeg,192,193,ZIL131,61,72,120,134
02797.jpeg,128,128,T72,33,45,96,88
03489.jpeg,158,158,2S1,42,58,117,105
02783.jpeg,128,128,T72,35,39,90,94
04494.jpeg,192,193,ZIL131,65,64,126,130
02973.jpeg,128,128,BTR60,0,0,80,34
02967.jpeg,128,128,BTR60,31,43,94,82
04443.jpeg,192,193,ZIL131,67,68,124,132
04325.jpeg,192,193,ZIL131,57,74,132,126
02754.jpeg,128,128,T72,19,43,92,84
02998.jpeg,128,128,BTR60,35,45,92,90
04331.jpeg,192,193,ZIL131,56,68,135,122
03338.jpeg,177,178,D7,59,58,117,119
04457.jpeg,192,193,ZIL131,61,64,132,126
03310.jpeg,177,178,D7,59,56,117,115
04319.jpeg,192,193,ZIL131,61,62,128,130
03476.jpeg,158,158,2S1,46,48,109,111
02768.jpeg,128,128,T72,37,39,92,92
05007.jpeg,128,128,BTR70,31,47,94,86
03462.jpeg,158,158,2S1,42,60,111,103
05013.jpeg,128,128,BTR70,33,47,94,84
03304.jpeg,177,178,D7,61,52,119,117
03853.jpeg,128,129,BRDM_2,40,40,97,86
04682.jpeg,128,128,BMP2,33,45,88,88
04696.jpeg,128,128,BMP2,31,51,92,88
03847.jpeg,128,129,BRDM_2,32,40,81,92
04866.jpeg,158,158,ZSU_23_4,46,56,111,101
04872.jpeg,158,158,ZSU_23_4,48,52,109,105
03890.jpeg,128,129,BRDM_2,44,54,85,92
03648.jpeg,158,158,2S1,56,48,103,113
04127.jpeg,172,173,T62,51,52,121,116
04641.jpeg,128,128,BMP2,35,45,92,90
04899.jpeg,158,158,ZSU_23_4,50,50,107,109
04655.jpeg,128,128,BMP2,35,47,96,88
03884.jpeg,128,129,BRDM_2,34,38,87,88
04133.jpeg,172,173,T62,51,52,116,120
03674.jpeg,158,158,2S1,46,54,107,111
03112.jpeg,128,128,BTR60,33,43,94,84
04669.jpeg,128,128,BMP2,37,37,90,92
03106.jpeg,128,128,BTR60,33,39,94,88
03660.jpeg,158,158,2S1,44,56,111,105
03927.jpeg,128,129,BRDM_2,40,52,81,90
04090.jpeg,172,173,T62,51,52,118,120
03099.jpeg,128,128,BTR60,37,43,84,88
03933.jpeg,128,129,BRDM_2,32,38,91,80
04084.jpeg,172,173,T62,50,58,118,120
04912.jpeg,158,158,ZSU_23_4,44,58,107,107
04906.jpeg,158,158,ZSU_23_4,48,52,109,109
04053.jpeg,172,173,T62,50,54,120,114
04735.jpeg,158,158,ZSU_23_4,44,56,113,107
04721.jpeg,158,158,ZSU_23_4,46,52,109,105
04047.jpeg,172,173,T62,57,62,114,120
03728.jpeg,128,129,BRDM_2,34,42,87,92
03700.jpeg,128,129,BRDM_2,34,46,91,88
03066.jpeg,128,128,BTR60,31,43,94,84
04709.jpeg,128,128,BMP2,33,47,92,84
03072.jpeg,128,128,BTR60,37,39,92,90
03714.jpeg,128,129,BRDM_2,42,50,83,90
04292.jpeg,192,193,ZIL131,59,66,128,128
04286.jpeg,192,193,ZIL131,61,60,126,132
02807.jpeg,128,128,T72,33,39,92,92
02813.jpeg,128,128,T72,41,47,86,94
04537.jpeg,128,128,BMP2,43,43,84,90
03258.jpeg,177,178,D7,57,60,115,117
04251.jpeg,192,193,ZIL131,67,68,128,132
04245.jpeg,192,193,ZIL131,56,72,132,124
04523.jpeg,128,128,BMP2,35,41,88,94
03264.jpeg,177,178,D7,55,60,117,117
05173.jpeg,128,128,BTR70,35,57,80,94
03502.jpeg,158,158,2S1,46,54,111,111
05167.jpeg,128,128,BTR70,41,51,82,94
03516.jpeg,158,158,2S1,44,56,115,107
04279.jpeg,192,193,ZIL131,54,68,128,130
03270.jpeg,177,178,D7,57,58,123,117
04278.jpeg,192,193,ZIL131,67,72,126,132
03517.jpeg,158,158,2S1,54,50,113,109
05166.jpeg,128,128,BTR70,31,39,90,90
03271.jpeg,177,178,D7,59,60,115,119
03265.jpeg,177,178,D7,53,62,117,117
03503.jpeg,158,158,2S1,46,58,115,109
05172.jpeg,128,128,BTR70,35,41,88,90
04244.jpeg,192,193,ZIL131,59,68,134,128
04522.jpeg,128,128,BMP2,35,37,86,94
03259.jpeg,177,178,D7,51,56,119,113
04536.jpeg,128,128,BMP2,43,53,86,94
04250.jpeg,192,193,ZIL131,65,64,126,132
02812.jpeg,128,128,T72,41,43,88,96
02806.jpeg,128,128,T72,29,41,90,92
04287.jpeg,192,193,ZIL131,59,74,122,130
04293.jpeg,192,193,ZIL131,56,72,134,126
03073.jpeg,128,128,BTR60,37,39,90,90
03715.jpeg,128,129,BRDM_2,28,48,89,90
03701.jpeg,128,129,BRDM_2,38,40,95,86
04708.jpeg,128,128,BMP2,35,43,82,94
03067.jpeg,128,128,BTR60,37,39,90,94
04720.jpeg,158,158,ZSU_23_4,50,48,105,107
03729.jpeg,128,129,BRDM_2,46,48,91,88
04046.jpeg,172,173,T62,50,54,114,116
04052.jpeg,172,173,T62,48,62,120,116
04734.jpeg,158,158,ZSU_23_4,48,50,107,109
04907.jpeg,158,158,ZSU_23_4,44,58,109,105
04913.jpeg,158,158,ZSU_23_4,52,52,105,111
04085.jpeg,172,173,T62,50,52,120,114
03932.jpeg,128,129,BRDM_2,40,38,87,90
04091.jpeg,172,173,T62,53,54,116,118
03926.jpeg,128,129,BRDM_2,32,46,87,90
03098.jpeg,128,128,BTR60,37,35,84,88
03107.jpeg,128,128,BTR60,45,47,86,96
04668.jpeg,128,128,BMP2,35,45,90,90
03661.jpeg,158,158,2S1,42,56,111,109
03675.jpeg,158,158,2S1,56,46,109,111
03113.jpeg,128,128,BTR60,35,41,92,88
04654.jpeg,128,128,BMP2,39,43,90,98
04132.jpeg,172,173,T62,51,52,120,116
03885.jpeg,128,129,BRDM_2,38,36,89,90
04126.jpeg,172,173,T62,55,50,118,116
03649.jpeg,158,158,2S1,44,52,111,111
03891.jpeg,128,129,BRDM_2,34,44,89,92
04898.jpeg,158,158,ZSU_23_4,46,54,109,109
04640.jpeg,128,128,BMP2,41,37,86,92
04873.jpeg,158,158,ZSU_23_4,46,56,111,109
04867.jpeg,158,158,ZSU_23_4,46,56,111,105
04697.jpeg,128,128,BMP2,33,45,90,88
03846.jpeg,128,129,BRDM_2,38,52,79,90
03852.jpeg,128,129,BRDM_2,46,48,91,86
04683.jpeg,128,128,BMP2,35,43,94,90
05012.jpeg,128,128,BTR70,31,47,96,86
03463.jpeg,158,158,2S1,48,50,113,113
03305.jpeg,177,178,D7,53,60,117,115
03311.jpeg,177,178,D7,59,58,117,119
05006.jpeg,128,128,BTR70,33,45,92,86
02769.jpeg,128,128,T72,33,47,94,92
03477.jpeg,158,158,2S1,50,44,109,111
04318.jpeg,192,193,ZIL131,61,70,120,132
04330.jpeg,192,193,ZIL131,63,60,128,130
02999.jpeg,128,128,BTR60,31,43,94,82
04456.jpeg,192,193,ZIL131,56,62,128,130
03339.jpeg,177,178,D7,53,60,117,117
04442.jpeg,192,193,ZIL131,61,62,128,130
02755.jpeg,128,128,T72,33,49,94,92
04324.jpeg,192,193,ZIL131,63,66,128,132
02966.jpeg,128,128,BTR60,33,41,94,80
02972.jpeg,128,128,BTR60,68,0,128,128
02782.jpeg,128,128,T72,41,45,86,94
04495.jpeg,192,193,ZIL131,67,68,124,132
04481.jpeg,192,193,ZIL131,61,66,128,132
03488.jpeg,158,158,2S1,44,54,107,107
02796.jpeg,128,128,T72,33,43,84,96
04497.jpeg,192,193,ZIL131,59,64,132,126
02780.jpeg,128,128,T72,33,45,96,88
02958.jpeg,128,128,BTR60,37,41,90,92
02794.jpeg,128,128,T72,29,45,94,88
04483.jpeg,192,193,ZIL131,57,68,135,122
02964.jpeg,128,128,BTR60,43,45,84,96
02970.jpeg,128,128,BTR60,37,41,92,90
04454.jpeg,192,193,ZIL131,59,60,132,128
04332.jpeg,192,193,ZIL131,59,66,134,124
04326.jpeg,192,193,ZIL131,57,60,130,134
03449.jpeg,158,158,2S1,50,70,97,113
02757.jpeg,128,128,T72,35,45,96,86
05038.jpeg,128,128,BTR70,37,37,88,94
04440.jpeg,192,193,ZIL131,57,68,134,124
03307.jpeg,177,178,D7,57,52,117,119
04468.jpeg,192,193,ZIL131,54,74,120,134
03461.jpeg,158,158,2S1,50,44,105,111
05010.jpeg,128,128,BTR70,51,49,98,86
03475.jpeg,158,158,2S1,50,58,113,107
05004.jpeg,128,128,BTR70,27,47,92,84
03313.jpeg,177,178,D7,61,58,115,119
03844.jpeg,128,129,BRDM_2,48,54,87,92
04695.jpeg,128,128,BMP2,33,41,88,86
04859.jpeg,158,158,ZSU_23_4,48,58,113,103
04681.jpeg,128,128,BMP2,35,41,82,94
03688.jpeg,158,158,2S1,48,66,99,113
03850.jpeg,128,129,BRDM_2,42,40,85,90
03878.jpeg,128,129,BRDM_2,36,40,91,82
04871.jpeg,158,158,ZSU_23_4,50,50,109,107
04865.jpeg,158,158,ZSU_23_4,46,54,111,105
03887.jpeg,128,129,BRDM_2,42,50,81,90
04130.jpeg,172,173,T62,50,62,120,120
04656.jpeg,128,128,BMP2,35,47,90,90
03139.jpeg,177,178,D7,51,60,121,115
04642.jpeg,128,128,BMP2,33,43,92,88
03893.jpeg,128,129,BRDM_2,36,42,85,92
04124.jpeg,172,173,T62,48,56,118,120
03663.jpeg,158,158,2S1,44,58,115,105
03105.jpeg,128,128,BTR60,35,41,92,92
03111.jpeg,128,128,BTR60,33,45,94,86
03677.jpeg,158,158,2S1,44,56,113,105
04118.jpeg,172,173,T62,48,58,120,114
03930.jpeg,128,129,BRDM_2,34,56,79,96
04087.jpeg,172,173,T62,53,52,116,120
04939.jpeg,158,158,ZSU_23_4,46,54,109,101
03924.jpeg,128,129,BRDM_2,36,40,93,82
04093.jpeg,172,173,T62,53,54,114,122
04905.jpeg,158,158,ZSU_23_4,50,58,101,109
04911.jpeg,158,158,ZSU_23_4,52,48,101,111
03918.jpeg,128,129,BRDM_2,40,48,81,90
04044.jpeg,172,173,T62,50,60,118,120
04722.jpeg,158,158,ZSU_23_4,48,54,107,111
03059.jpeg,128,128,BTR60,37,35,84,88
04736.jpeg,158,158,ZSU_23_4,52,58,107,109
04050.jpeg,172,173,T62,53,50,116,118
04078.jpeg,172,173,T62,57,62,112,120
03717.jpeg,128,129,BRDM_2,40,50,81,88
03071.jpeg,128,128,BTR60,33,43,94,86
03065.jpeg,128,128,BTR60,33,43,94,82
03703.jpeg,128,129,BRDM_2,40,52,81,92
04285.jpeg,192,193,ZIL131,56,72,132,124
04291.jpeg,192,193,ZIL131,61,60,126,134
02838.jpeg,128,128,T72,33,47,96,94
03298.jpeg,177,178,D7,55,62,123,115
02810.jpeg,128,128,T72,31,45,92,88
02804.jpeg,128,128,T72,41,47,108,88
04520.jpeg,128,128,BMP2,41,45,82,94
05158.jpeg,128,128,BTR70,47,37,88,78
03529.jpeg,158,158,2S1,54,54,101,111
04246.jpeg,192,193,ZIL131,56,64,130,132
04252.jpeg,192,193,ZIL131,54,70,132,128
04534.jpeg,128,128,BMP2,33,45,92,90
03273.jpeg,177,178,D7,57,60,123,117
05164.jpeg,128,128,BTR70,43,55,84,96
03515.jpeg,158,158,2S1,50,46,107,111
05170.jpeg,128,128,BTR70,45,35,86,76
03501.jpeg,158,158,2S1,54,50,111,111
04508.jpeg,192,193,ZIL131,67,70,126,132
03267.jpeg,177,178,D7,69,58,133,115
03500.jpeg,158,158,2S1,44,60,115,103
05171.jpeg,128,128,BTR70,33,43,94,86
03266.jpeg,177,178,D7,59,56,119,115
04509.jpeg,192,193,ZIL131,57,60,128,130
03272.jpeg,177,178,D7,55,58,121,113
03514.jpeg,158,158,2S1,48,48,111,111
05165.jpeg,128,128,BTR70,35,39,88,90
04253.jpeg,192,193,ZIL131,63,80,122,132
04535.jpeg,128,128,BMP2,35,45,96,90
04521.jpeg,128,128,BMP2,35,41,92,86
04247.jpeg,192,193,ZIL131,63,62,126,134
03528.jpeg,158,158,2S1,58,68,109,115
05159.jpeg,128,128,BTR70,29,47,92,84
02805.jpeg,128,128,T72,33,45,92,84
02811.jpeg,128,128,T72,33,43,94,90
02839.jpeg,128,128,T72,23,43,90,86
04290.jpeg,192,193,ZIL131,61,62,126,134
03299.jpeg,177,178,D7,57,50,117,117
04284.jpeg,192,193,ZIL131,57,66,130,130
03064.jpeg,128,128,BTR60,41,53,82,98
03702.jpeg,128,129,BRDM_2,36,46,75,86
03716.jpeg,128,129,BRDM_2,36,38,87,86
04079.jpeg,172,173,T62,53,56,116,120
03070.jpeg,128,128,BTR60,35,35,90,86
04737.jpeg,158,158,ZSU_23_4,52,58,105,107
03058.jpeg,128,128,BTR60,33,37,94,80
04051.jpeg,172,173,T62,51,56,120,116
04045.jpeg,172,173,T62,57,58,114,120
04723.jpeg,158,158,ZSU_23_4,44,58,111,109
04910.jpeg,158,158,ZSU_23_4,46,54,107,111
03919.jpeg,128,129,BRDM_2,34,38,91,88
04904.jpeg,158,158,ZSU_23_4,48,56,113,107
04092.jpeg,172,173,T62,55,52,112,118
03925.jpeg,128,129,BRDM_2,36,52,81,94
04086.jpeg,172,173,T62,48,60,120,116
03931.jpeg,128,129,BRDM_2,44,52,83,92
04938.jpeg,158,158,ZSU_23_4,50,50,109,109
03110.jpeg,128,128,BTR60,41,37,88,96
04119.jpeg,172,173,T62,59,66,112,120
03676.jpeg,158,158,2S1,44,52,111,107
03662.jpeg,158,158,2S1,50,44,107,111
03104.jpeg,128,128,BTR60,35,39,94,78
04643.jpeg,128,128,BMP2,43,45,82,84
04125.jpeg,172,173,T62,55,50,114,120
03892.jpeg,128,129,BRDM_2,36,50,79,88
04131.jpeg,172,173,T62,51,52,118,120
03886.jpeg,128,129,BRDM_2,36,46,77,84
03138.jpeg,177,178,D7,51,60,123,117
04657.jpeg,128,128,BMP2,33,45,90,90
04864.jpeg,158,158,ZSU_23_4,48,52,111,107
03879.jpeg,128,129,BRDM_2,46,50,89,92
04870.jpeg,158,158,ZSU_23_4,54,48,105,109
04680.jpeg,128,128,BMP2,33,47,92,88
04858.jpeg,158,158,ZSU_23_4,52,58,103,107
03851.jpeg,128,129,BRDM_2,38,38,85,90
03689.jpeg,158,158,2S1,44,50,107,107
03845.jpeg,128,129,BRDM_2,42,50,83,92
04694.jpeg,128,128,BMP2,35,37,86,96
05005.jpeg,128,128,BTR70,33,45,94,84
03474.jpeg,158,158,2S1,52,56,115,107
03312.jpeg,177,178,D7,55,62,117,115
04469.jpeg,192,193,ZIL131,63,60,128,128
03306.jpeg,177,178,D7,49,56,119,113
05011.jpeg,128,128,BTR70,31,45,92,84
03460.jpeg,158,158,2S1,44,54,107,105
05039.jpeg,128,128,BTR70,33,39,88,90
02756.jpeg,128,128,T72,41,47,90,94
03448.jpeg,158,158,2S1,44,60,113,103
04327.jpeg,192,193,ZIL131,67,84,128,136
04441.jpeg,192,193,ZIL131,52,70,132,124
04455.jpeg,192,193,ZIL131,65,62,126,132
04333.jpeg,192,193,ZIL131,57,68,130,130
02971.jpeg,128,128,BTR60,35,37,90,84
02965.jpeg,128,128,BTR60,64,0,128,128
02795.jpeg,128,128,T72,31,41,92,84
04482.jpeg,192,193,ZIL131,67,74,134,134
04496.jpeg,192,193,ZIL131,57,64,132,128
02959.jpeg,128,128,BTR60,37,41,90,90
02781.jpeg,128,128,T72,33,45,92,94
02798.jpeg,128,128,T72,39,43,90,92
03486.jpeg,158,158,2S1,50,46,107,111
02940.jpeg,128,128,T72,31,49,92,92
03492.jpeg,158,158,2S1,42,56,111,101
02954.jpeg,128,128,BTR60,47,57,92,96
02968.jpeg,128,128,BTR60,33,41,94,86
03445.jpeg,158,158,2S1,44,58,111,103
02983.jpeg,128,128,BTR60,33,43,92,88
05034.jpeg,128,128,BTR70,33,43,94,94
03323.jpeg,177,178,D7,59,56,121,117
04458.jpeg,192,193,ZIL131,57,68,139,122
03337.jpeg,177,178,D7,49,60,123,117
03451.jpeg,158,158,2S1,46,48,111,113
02997.jpeg,128,128,BTR60,33,41,92,86
05020.jpeg,128,128,BTR70,39,39,88,96
03479.jpeg,158,158,2S1,50,44,107,111
04316.jpeg,192,193,ZIL131,59,68,132,124
05008.jpeg,128,128,BTR70,39,59,82,98
02767.jpeg,128,128,T72,29,47,92,88
04470.jpeg,192,193,ZIL131,57,68,137,120
04464.jpeg,192,193,ZIL131,63,62,128,128
04302.jpeg,192,193,ZIL131,56,70,134,126
02773.jpeg,128,128,T72,29,45,92,88
04855.jpeg,158,158,ZSU_23_4,52,48,105,111
03684.jpeg,158,158,2S1,44,62,113,103
03690.jpeg,158,158,2S1,48,46,109,111
03848.jpeg,128,129,BRDM_2,46,42,85,86
04841.jpeg,158,158,ZSU_23_4,48,58,111,109
04699.jpeg,128,128,BMP2,33,49,92,90
04869.jpeg,158,158,ZSU_23_4,52,60,103,109
03860.jpeg,128,129,BRDM_2,46,52,85,92
03874.jpeg,128,129,BRDM_2,38,38,91,90
03121.jpeg,128,128,BTR60,37,37,90,86
04896.jpeg,158,158,ZSU_23_4,46,56,111,105
04128.jpeg,172,173,T62,50,58,120,110
03647.jpeg,158,158,2S1,50,70,99,113
03653.jpeg,158,158,2S1,48,48,109,113
03135.jpeg,128,128,BTR60,35,41,94,86
04882.jpeg,158,158,ZSU_23_4,46,52,107,107
04672.jpeg,128,128,BMP2,39,43,92,84
04114.jpeg,172,173,T62,48,58,118,114
04100.jpeg,172,173,T62,50,62,120,116
03109.jpeg,128,128,BTR60,45,37,90,94
04666.jpeg,128,128,BMP2,37,41,92,84
03096.jpeg,128,128,BTR60,35,35,90,86
04921.jpeg,158,158,ZSU_23_4,48,54,111,103
03928.jpeg,128,129,BRDM_2,34,38,87,90
03082.jpeg,128,128,BTR60,33,41,96,84
04935.jpeg,158,158,ZSU_23_4,48,52,107,111
03914.jpeg,128,129,BRDM_2,36,54,79,92
03900.jpeg,128,129,BRDM_2,38,52,79,86
04909.jpeg,158,158,ZSU_23_4,46,54,111,107
03055.jpeg,128,128,BTR60,31,43,94,82
03733.jpeg,128,129,BRDM_2,32,40,85,90
03727.jpeg,128,129,BRDM_2,34,40,85,86
04048.jpeg,172,173,T62,50,54,114,118
03041.jpeg,128,128,BTR60,0,0,124,126
04706.jpeg,128,128,BMP2,35,45,94,92
03069.jpeg,128,128,BTR60,43,43,88,96
04060.jpeg,172,173,T62,46,62,116,112
04074.jpeg,172,173,T62,51,64,120,114
04712.jpeg,158,158,ZSU_23_4,52,52,105,111
02834.jpeg,128,128,T72,35,45,94,88
03294.jpeg,177,178,D7,53,54,119,113
03280.jpeg,177,178,D7,49,56,119,113
02820.jpeg,128,128,T72,37,45,82,94
04289.jpeg,192,193,ZIL131,65,70,126,132
02808.jpeg,128,128,T72,33,39,92,94
05140.jpeg,128,128,BTR70,51,51,98,86
03531.jpeg,158,158,2S1,56,62,107,113
03257.jpeg,177,178,D7,59,50,117,119
04538.jpeg,128,128,BMP2,31,47,92,86
03243.jpeg,177,178,D7,61,54,117,119
05154.jpeg,128,128,BTR70,45,61,88,96
03525.jpeg,158,158,2S1,44,56,107,105
04262.jpeg,192,193,ZIL131,56,62,130,130
04504.jpeg,192,193,ZIL131,65,62,124,130
04510.jpeg,192,193,ZIL131,57,64,120,120
05168.jpeg,128,128,BTR70,35,41,94,88
04276.jpeg,192,193,ZIL131,59,62,130,132
03519.jpeg,158,158,2S1,48,58,115,105
04511.jpeg,192,193,ZIL131,54,70,132,126
03518.jpeg,158,158,2S1,54,52,105,111
04277.jpeg,192,193,ZIL131,67,70,126,132
05169.jpeg,128,128,BTR70,37,35,88,94
04263.jpeg,192,193,ZIL131,57,64,130,130
04505.jpeg,192,193,ZIL131,59,66,134,124
03242.jpeg,177,178,D7,51,64,119,117
03524.jpeg,158,158,2S1,48,48,111,111
05155.jpeg,128,128,BTR70,33,45,92,90
03530.jpeg,158,158,2S1,44,52,107,115
05141.jpeg,128,128,BTR70,35,45,94,88
04539.jpeg,128,128,BMP2,35,51,80,88
03256.jpeg,177,178,D7,59,56,121,117
02809.jpeg,128,128,T72,33,45,92,96
03281.jpeg,177,178,D7,59,58,121,115
04288.jpeg,192,193,ZIL131,57,62,128,134
02821.jpeg,128,128,T72,29,45,92,86
02835.jpeg,128,128,T72,37,37,92,94
03295.jpeg,177,178,D7,53,58,117,117
04075.jpeg,172,173,T62,50,60,120,118
04713.jpeg,158,158,ZSU_23_4,50,50,107,109
03068.jpeg,128,128,BTR60,33,39,94,80
04707.jpeg,128,128,BMP2,45,53,88,94
04061.jpeg,172,173,T62,51,62,120,118
04049.jpeg,172,173,T62,53,52,114,120
03726.jpeg,128,129,BRDM_2,38,38,89,90
03040.jpeg,128,128,BTR60,33,43,94,86
03054.jpeg,128,128,BTR60,33,41,94,86
03732.jpeg,128,129,BRDM_2,36,44,97,82
03901.jpeg,128,129,BRDM_2,34,42,87,92
04908.jpeg,158,158,ZSU_23_4,50,50,107,107
03915.jpeg,128,129,BRDM_2,34,38,91,86
04934.jpeg,158,158,ZSU_23_4,48,52,107,111
03083.jpeg,128,128,BTR60,32,0,128,128
04920.jpeg,158,158,ZSU_23_4,46,56,111,107
03097.jpeg,128,128,BTR60,33,43,94,84
03929.jpeg,128,129,BRDM_2,34,44,87,92
04101.jpeg,172,173,T62,51,54,120,114
04667.jpeg,128,128,BMP2,41,45,84,94
03108.jpeg,128,128,BTR60,37,37,72,80
04673.jpeg,128,128,BMP2,41,45,82,88
04115.jpeg,172,173,T62,55,52,120,118
03652.jpeg,158,158,2S1,44,54,105,107
04883.jpeg,158,158,ZSU_23_4,48,54,109,111
03134.jpeg,128,128,BTR60,35,37,92,84
04897.jpeg,158,158,ZSU_23_4,46,56,111,107
03120.jpeg,128,128,BTR60,33,43,94,86
03646.jpeg,158,158,2S1,44,56,113,105
04129.jpeg,172,173,T62,61,58,120,120
03875.jpeg,128,129,BRDM_2,32,46,85,92
04868.jpeg,158,158,ZSU_23_4,48,50,105,111
03861.jpeg,128,129,BRDM_2,36,38,75,80
03849.jpeg,128,129,BRDM_2,38,50,79,88
03691.jpeg,158,158,2S1,46,60,113,105
04698.jpeg,128,128,BMP2,33,45,92,88
04840.jpeg,158,158,ZSU_23_4,44,54,111,105
04854.jpeg,158,158,ZSU_23_4,48,56,113,107
03685.jpeg,158,158,2S1,50,46,105,113
04465.jpeg,192,193,ZIL131,63,82,120,134
02772.jpeg,128,128,T72,31,45,94,90
04303.jpeg,192,193,ZIL131,61,60,130,130
02766.jpeg,128,128,T72,41,47,88,92
05009.jpeg,128,128,BTR70,33,39,90,88
04317.jpeg,192,193,ZIL131,67,74,124,134
03478.jpeg,158,158,2S1,52,60,107,111
04471.jpeg,192,193,ZIL131,59,58,128,132
03336.jpeg,177,178,D7,61,54,115,115
04459.jpeg,192,193,ZIL131,59,70,132,126
05021.jpeg,128,128,BTR70,27,41,96,88
02996.jpeg,128,128,BTR60,33,39,94,80
03450.jpeg,158,158,2S1,42,56,117,103
05035.jpeg,128,128,BTR70,31,43,92,88
02982.jpeg,128,128,BTR60,0,0,84,72
03444.jpeg,158,158,2S1,48,50,111,113
03322.jpeg,177,178,D7,59,60,117,119
02969.jpeg,128,128,BTR60,33,41,94,84
02955.jpeg,128,128,BTR60,11,15,84,86
03493.jpeg,158,158,2S1,42,56,113,107
02941.jpeg,128,128,T72,43,47,90,94
03487.jpeg,158,158,2S1,52,52,113,107
02799.jpeg,128,128,T72,31,43,92,84
03491.jpeg,158,158,2S1,46,54,113,109
02957.jpeg,128,128,BTR60,37,41,90,90
04498.jpeg,192,193,ZIL131,59,64,132,126
03485.jpeg,158,158,2S1,44,54,107,105
02943.jpeg,128,128,BTR60,41,51,82,96
03452.jpeg,158,158,2S1,46,50,111,113
02994.jpeg,128,128,BTR60,33,37,94,88
05023.jpeg,128,128,BTR70,37,57,82,96
03334.jpeg,177,178,D7,51,58,119,113
03320.jpeg,177,178,D7,57,56,117,117
03446.jpeg,158,158,2S1,50,48,111,109
04329.jpeg,192,193,ZIL131,61,62,130,128
02980.jpeg,128,128,BTR60,39,43,90,94
05037.jpeg,128,128,BTR70,33,39,92,90
02758.jpeg,128,128,T72,39,37,88,92
04301.jpeg,192,193,ZIL131,63,74,120,134
02770.jpeg,128,128,T72,39,41,88,92
04467.jpeg,192,193,ZIL131,69,70,128,132
03308.jpeg,177,178,D7,57,58,125,113
04473.jpeg,192,193,ZIL131,57,62,132,122
04315.jpeg,192,193,ZIL131,65,60,124,132
02764.jpeg,128,128,T72,37,45,82,94
04842.jpeg,158,158,ZSU_23_4,46,52,109,105
03693.jpeg,158,158,2S1,42,56,113,103
03687.jpeg,158,158,2S1,44,58,113,105
04856.jpeg,158,158,ZSU_23_4,46,60,113,107
03877.jpeg,128,129,BRDM_2,38,52,79,88
03863.jpeg,128,129,BRDM_2,36,44,93,84
03136.jpeg,128,128,BTR60,0,0,62,68
04659.jpeg,128,128,BMP2,29,43,92,86
04881.jpeg,158,158,ZSU_23_4,48,46,107,107
03888.jpeg,128,129,BRDM_2,30,50,89,90
03650.jpeg,158,158,2S1,56,60,109,113
03644.jpeg,158,158,2S1,56,64,105,113
03122.jpeg,128,128,BTR60,37,35,88,86
04895.jpeg,158,158,ZSU_23_4,46,54,111,105
04665.jpeg,128,128,BMP2,39,39,90,92
04103.jpeg,172,173,T62,46,62,116,116
04117.jpeg,172,173,T62,50,52,112,120
03678.jpeg,158,158,2S1,44,56,109,107
04671.jpeg,128,128,BMP2,33,45,92,84
03081.jpeg,128,128,BTR60,35,41,90,90
04936.jpeg,158,158,ZSU_23_4,44,58,107,109
04088.jpeg,172,173,T62,55,50,116,114
03095.jpeg,128,128,BTR60,41,43,88,94
04922.jpeg,158,158,ZSU_23_4,44,56,109,107
03903.jpeg,128,129,BRDM_2,34,36,75,80
03917.jpeg,128,129,BRDM_2,40,52,79,92
03042.jpeg,128,128,BTR60,31,43,94,82
03724.jpeg,128,129,BRDM_2,40,52,79,92
03730.jpeg,128,129,BRDM_2,42,54,81,94
04739.jpeg,158,158,ZSU_23_4,50,52,103,111
03056.jpeg,128,128,BTR60,31,41,94,82
04711.jpeg,158,158,ZSU_23_4,48,52,107,111
03718.jpeg,128,129,BRDM_2,48,46,93,86
04077.jpeg,172,173,T62,59,60,114,120
04063.jpeg,172,173,T62,50,64,120,118
04705.jpeg,128,128,BMP2,33,49,96,88
02823.jpeg,128,128,T72,39,39,90,92
03283.jpeg,177,178,D7,55,58,113,121
03297.jpeg,177,178,D7,57,60,115,115
02837.jpeg,128,128,T72,35,41,84,94
05180.jpeg,128,128,BTR70,51,47,96,86
05157.jpeg,128,128,BTR70,35,47,94,82
04249.jpeg,192,193,ZIL131,65,74,130,136
03526.jpeg,158,158,2S1,52,44,105,111
03240.jpeg,177,178,D7,59,60,121,115
03254.jpeg,177,178,D7,55,60,121,115
05143.jpeg,128,128,BTR70,29,45,94,82
03532.jpeg,158,158,2S1,56,68,105,111
04275.jpeg,192,193,ZIL131,56,68,130,130
04513.jpeg,192,193,ZIL131,56,70,134,120
03268.jpeg,177,178,D7,55,54,113,119
04507.jpeg,192,193,ZIL131,54,66,132,124
04261.jpeg,192,193,ZIL131,65,62,126,132
04506.jpeg,192,193,ZIL131,61,64,126,132
03269.jpeg,177,178,D7,57,60,123,115
04260.jpeg,192,193,ZIL131,59,72,130,126
04274.jpeg,192,193,ZIL131,61,76,120,132
04512.jpeg,192,193,ZIL131,67,72,126,134
03255.jpeg,177,178,D7,61,60,115,117
03533.jpeg,158,158,2S1,50,70,99,115
05142.jpeg,128,128,BTR70,37,53,80,94
03527.jpeg,158,158,2S1,44,60,113,107
04248.jpeg,192,193,ZIL131,59,64,132,126
05156.jpeg,128,128,BTR70,37,41,90,96
03241.jpeg,177,178,D7,57,58,115,113
03296.jpeg,177,178,D7,57,58,119,117
02836.jpeg,128,128,T72,31,45,92,88
02822.jpeg,128,128,T72,31,43,94,88
03282.jpeg,177,178,D7,59,62,123,119
04062.jpeg,172,173,T62,50,56,118,116
04704.jpeg,128,128,BMP2,31,47,92,86
04710.jpeg,128,128,BMP2,35,55,82,96
04076.jpeg,172,173,T62,51,54,120,114
03719.jpeg,128,129,BRDM_2,42,52,83,94
03731.jpeg,128,129,BRDM_2,36,42,93,82
03057.jpeg,128,128,BTR60,43,39,90,96
04738.jpeg,158,158,ZSU_23_4,44,60,109,107
03043.jpeg,128,128,BTR60,33,37,92,80
03725.jpeg,128,129,BRDM_2,40,38,93,90
03916.jpeg,128,129,BRDM_2,30,34,91,94
03902.jpeg,128,129,BRDM_2,38,48,77,86
04923.jpeg,158,158,ZSU_23_4,50,52,111,109
03094.jpeg,128,128,BTR60,35,37,90,88
04937.jpeg,158,158,ZSU_23_4,42,52,111,103
03080.jpeg,128,128,BTR60,39,41,92,90
04089.jpeg,172,173,T62,57,54,114,118
03679.jpeg,158,158,2S1,56,64,109,109
04116.jpeg,172,173,T62,50,58,123,110
04670.jpeg,128,128,BMP2,35,49,94,86
04664.jpeg,128,128,BMP2,35,45,92,90
04102.jpeg,172,173,T62,50,58,116,120
03645.jpeg,158,158,2S1,46,60,113,103
04894.jpeg,158,158,ZSU_23_4,46,50,107,107
03123.jpeg,128,128,BTR60,35,41,94,90
04880.jpeg,158,158,ZSU_23_4,44,54,107,109
04658.jpeg,128,128,BMP2,25,31,96,96
03137.jpeg,177,178,D7,55,58,117,115
03651.jpeg,158,158,2S1,44,58,113,105
03889.jpeg,128,129,BRDM_2,32,46,93,88
03862.jpeg,128,129,BRDM_2,34,46,91,92
03876.jpeg,128,129,BRDM_2,36,42,89,92
03686.jpeg,158,158,2S1,48,48,109,111
04857.jpeg,158,158,ZSU_23_4,46,56,109,107
04843.jpeg,158,158,ZSU_23_4,46,54,111,101
03692.jpeg,158,158,2S1,44,50,109,111
04472.jpeg,192,193,ZIL131,56,70,130,128
02765.jpeg,128,128,T72,37,43,84,96
04314.jpeg,192,193,ZIL131,61,64,130,132
02771.jpeg,128,128,T72,39,47,86,94
04300.jpeg,192,193,ZIL131,57,68,139,120
03309.jpeg,177,178,D7,57,60,123,113
04466.jpeg,192,193,ZIL131,67,70,122,134
03321.jpeg,177,178,D7,57,56,113,117
02759.jpeg,128,128,T72,33,49,96,92
05036.jpeg,128,128,BTR70,33,43,94,88
02981.jpeg,128,128,BTR60,41,51,82,98
04328.jpeg,192,193,ZIL131,67,72,122,134
03447.jpeg,158,158,2S1,52,50,111,109
05022.jpeg,128,128,BTR70,29,47,96,84
02995.jpeg,128,128,BTR60,31,43,92,82
03453.jpeg,158,158,2S1,44,54,113,109
03335.jpeg,177,178,D7,55,64,115,115
02942.jpeg,128,128,BTR60,39,39,90,92
03484.jpeg,158,158,2S1,54,66,103,111
02956.jpeg,128,128,BTR60,31,43,96,86
03490.jpeg,158,158,2S1,58,46,109,109
04499.jpeg,192,193,ZIL131,56,68,139,122
02952.jpeg,128,128,BTR60,0,0,108,92
03494.jpeg,158,158,2S1,50,46,107,111
02946.jpeg,128,128,BTR60,35,37,90,84
03480.jpeg,158,158,2S1,48,60,115,105
04489.jpeg,192,193,ZIL131,56,72,134,124
04462.jpeg,192,193,ZIL131,59,68,135,120
04304.jpeg,192,193,ZIL131,59,66,135,124
02775.jpeg,128,128,T72,33,43,94,90
04310.jpeg,192,193,ZIL131,67,60,135,134
02761.jpeg,128,128,T72,39,45,92,92
03319.jpeg,177,178,D7,61,60,117,121
04476.jpeg,192,193,ZIL131,54,68,130,126
03331.jpeg,177,178,D7,63,52,119,117
04338.jpeg,192,193,ZIL131,67,72,126,132
02991.jpeg,128,128,BTR60,33,41,96,86
03457.jpeg,158,158,2S1,50,44,107,111
02749.jpeg,128,128,T72,33,51,94,94
05026.jpeg,128,128,BTR70,29,43,94,82
02985.jpeg,128,128,BTR60,35,35,90,86
03443.jpeg,158,158,2S1,42,60,111,101
05032.jpeg,128,128,BTR70,35,37,90,94
03325.jpeg,177,178,D7,57,58,123,115
03872.jpeg,128,129,BRDM_2,38,40,93,80
03866.jpeg,128,129,BRDM_2,32,42,85,96
03696.jpeg,128,129,BRDM_2,36,44,91,92
04847.jpeg,158,158,ZSU_23_4,44,56,111,109
04853.jpeg,158,158,ZSU_23_4,52,50,103,113
03682.jpeg,158,158,2S1,52,44,105,113
03669.jpeg,158,158,2S1,56,64,107,113
04106.jpeg,172,173,T62,53,56,120,116
04660.jpeg,128,128,BMP2,41,55,84,96
04674.jpeg,128,128,BMP2,39,41,88,94
04112.jpeg,172,173,T62,50,60,118,112
03655.jpeg,158,158,2S1,52,68,101,111
03133.jpeg,128,128,BTR60,41,41,84,80
04884.jpeg,158,158,ZSU_23_4,46,54,111,105
04648.jpeg,128,128,BMP2,37,39,90,92
03127.jpeg,128,128,BTR60,43,41,90,96
04890.jpeg,158,158,ZSU_23_4,52,46,107,107
03899.jpeg,128,129,BRDM_2,40,52,83,94
03641.jpeg,158,158,2S1,48,48,109,109
03906.jpeg,128,129,BRDM_2,34,54,79,94
03912.jpeg,128,129,BRDM_2,32,44,91,88
03084.jpeg,128,128,BTR60,41,41,84,98
04933.jpeg,158,158,ZSU_23_4,48,54,113,107
03090.jpeg,128,128,BTR60,0,0,108,92
04927.jpeg,158,158,ZSU_23_4,50,48,107,107
04099.jpeg,172,173,T62,50,62,123,112
04072.jpeg,172,173,T62,50,56,118,118
04714.jpeg,158,158,ZSU_23_4,50,48,107,111
04700.jpeg,128,128,BMP2,35,45,88,98
04066.jpeg,172,173,T62,51,58,118,122
03709.jpeg,128,129,BRDM_2,32,46,95,88
03721.jpeg,128,129,BRDM_2,44,52,89,92
03047.jpeg,128,128,BTR60,39,41,92,94
04728.jpeg,158,158,ZSU_23_4,50,48,107,109
03053.jpeg,128,128,BTR60,37,41,90,92
03735.jpeg,128,129,BRDM_2,38,40,93,88
03286.jpeg,177,178,D7,59,62,117,115
02826.jpeg,128,128,T72,37,49,96,88
02832.jpeg,128,128,T72,35,47,98,88
03292.jpeg,177,178,D7,59,56,119,119
04516.jpeg,128,128,BMP2,31,47,92,86
03279.jpeg,177,178,D7,55,60,117,115
04270.jpeg,192,193,ZIL131,57,58,130,132
04264.jpeg,192,193,ZIL131,63,64,128,130
04502.jpeg,192,193,ZIL131,59,62,130,132
03245.jpeg,177,178,D7,51,60,121,115
05152.jpeg,128,128,BTR70,33,45,94,86
03523.jpeg,158,158,2S1,46,56,119,101
05146.jpeg,128,128,BTR70,49,49,94,90
03537.jpeg,158,158,2S1,48,52,115,107
04258.jpeg,192,193,ZIL131,69,82,128,136
03251.jpeg,177,178,D7,57,58,113,115
04259.jpeg,192,193,ZIL131,65,62,124,132
03536.jpeg,158,158,2S1,44,50,111,105
05147.jpeg,128,128,BTR70,35,39,90,90
03250.jpeg,177,178,D7,59,58,115,119
03244.jpeg,177,178,D7,61,54,123,119
03522.jpeg,158,158,2S1,50,46,107,109
05153.jpeg,128,128,BTR70,33,35,90,94
04265.jpeg,192,193,ZIL131,59,74,118,132
04503.jpeg,192,193,ZIL131,57,68,135,120
03278.jpeg,177,178,D7,55,56,123,113
04517.jpeg,128,128,BMP2,37,37,86,90
04271.jpeg,192,193,ZIL131,63,68,128,130
02833.jpeg,128,128,T72,43,47,86,94
03293.jpeg,177,178,D7,57,54,113,117
03287.jpeg,177,178,D7,57,62,115,113
02827.jpeg,128,128,T72,35,43,90,96
03052.jpeg,128,128,BTR60,39,33,84,90
03734.jpeg,128,129,BRDM_2,36,44,97,82
03720.jpeg,128,129,BRDM_2,30,50,89,88
04729.jpeg,158,158,ZSU_23_4,48,52,111,101
03046.jpeg,128,128,BTR60,35,39,94,88
04701.jpeg,128,128,BMP2,33,47,94,88
03708.jpeg,128,129,BRDM_2,34,46,95,88
04067.jpeg,172,173,T62,50,64,120,114
04073.jpeg,172,173,T62,51,62,120,114
04715.jpeg,158,158,ZSU_23_4,48,48,107,109
04926.jpeg,158,158,ZSU_23_4,54,58,111,109
03091.jpeg,128,128,BTR60,35,43,94,90
04098.jpeg,172,173,T62,53,50,118,116
04932.jpeg,158,158,ZSU_23_4,50,52,107,111
03085.jpeg,128,128,BTR60,39,39,88,94
03913.jpeg,128,129,BRDM_2,32,54,75,92
03907.jpeg,128,129,BRDM_2,38,52,81,88
04891.jpeg,158,158,ZSU_23_4,46,54,111,101
03126.jpeg,128,128,BTR60,43,49,86,94
04649.jpeg,128,128,BMP2,35,45,92,90
03640.jpeg,158,158,2S1,42,58,109,105
03898.jpeg,128,129,BRDM_2,46,54,87,92
03654.jpeg,158,158,2S1,50,48,109,111
04885.jpeg,158,158,ZSU_23_4,54,52,103,111
03132.jpeg,128,128,BTR60,35,41,92,94
04675.jpeg,128,128,BMP2,43,45,90,88
04113.jpeg,172,173,T62,50,54,112,118
04107.jpeg,172,173,T62,51,56,120,116
03668.jpeg,158,158,2S1,46,50,109,109
04661.jpeg,128,128,BMP2,35,45,94,84
04852.jpeg,158,158,ZSU_23_4,46,56,113,101
03683.jpeg,158,158,2S1,44,52,109,111
03697.jpeg,128,129,BRDM_2,36,46,95,84
04846.jpeg,158,158,ZSU_23_4,48,56,111,103
03867.jpeg,128,129,BRDM_2,42,50,85,92
03873.jpeg,128,129,BRDM_2,36,40,91,88
05033.jpeg,128,128,BTR70,31,51,92,90
03442.jpeg,158,158,2S1,58,66,107,115
02984.jpeg,128,128,BTR60,35,37,94,80
03324.jpeg,177,178,D7,51,62,117,117
03330.jpeg,177,178,D7,57,56,113,121
05027.jpeg,128,128,BTR70,39,49,84,96
02748.jpeg,128,128,T72,31,45,94,86
03456.jpeg,158,158,2S1,44,54,107,105
02990.jpeg,128,128,BTR60,33,43,94,84
04339.jpeg,192,193,ZIL131,57,66,132,128
02760.jpeg,128,128,T72,37,45,84,94
04311.jpeg,192,193,ZIL131,59,72,120,134
04477.jpeg,192,193,ZIL131,71,72,134,134
03318.jpeg,177,178,D7,59,52,117,119
04463.jpeg,192,193,ZIL131,48,72,132,124
02774.jpeg,128,128,T72,31,43,90,92
04305.jpeg,192,193,ZIL131,59,62,132,124
03481.jpeg,158,158,2S1,54,56,109,113
02947.jpeg,128,128,BTR60,31,45,96,84
04488.jpeg,192,193,ZIL131,57,70,135,122
03495.jpeg,158,158,2S1,54,54,105,113
02953.jpeg,128,128,BTR60,33,45,94,86
02979.jpeg,128,128,BTR60,33,41,96,86
02945.jpeg,128,128,BTR60,39,35,86,88
03483.jpeg,158,158,2S1,54,46,103,113
02789.jpeg,128,128,T72,39,41,88,94
02951.jpeg,128,128,BTR60,33,41,88,92
03497.jpeg,158,158,2S1,44,54,111,109
04475.jpeg,192,193,ZIL131,65,70,122,132
04313.jpeg,192,193,ZIL131,59,66,135,124
02762.jpeg,128,128,T72,33,47,92,94
04307.jpeg,192,193,ZIL131,59,64,130,132
03468.jpeg,158,158,2S1,52,44,99,97
02776.jpeg,128,128,T72,33,47,96,88
05019.jpeg,128,128,BTR70,39,37,90,94
04461.jpeg,192,193,ZIL131,57,62,128,132
03326.jpeg,177,178,D7,53,56,123,111
04449.jpeg,192,193,ZIL131,69,72,130,130
02986.jpeg,128,128,BTR60,35,37,90,84
03440.jpeg,158,158,2S1,50,54,113,109
05031.jpeg,128,128,BTR70,43,51,82,96
02992.jpeg,128,128,BTR60,48,0,128,128
03454.jpeg,158,158,2S1,44,56,113,103
05025.jpeg,128,128,BTR70,37,57,82,96
03332.jpeg,177,178,D7,61,56,117,121
03865.jpeg,128,129,BRDM_2,48,54,89,90
04878.jpeg,158,158,ZSU_23_4,48,54,111,101
03871.jpeg,128,129,BRDM_2,30,38,91,84
03681.jpeg,158,158,2S1,46,54,113,109
03859.jpeg,128,129,BRDM_2,40,48,81,90
04850.jpeg,158,158,ZSU_23_4,50,52,109,109
04688.jpeg,128,128,BMP2,35,45,92,94
04844.jpeg,158,158,ZSU_23_4,50,50,105,109
03695.jpeg,128,129,BRDM_2,48,52,89,88
04111.jpeg,172,173,T62,53,50,116,118
04677.jpeg,128,128,BMP2,39,35,84,92
03118.jpeg,128,128,BTR60,35,43,92,90
04663.jpeg,128,128,BMP2,39,49,86,88
04105.jpeg,172,173,T62,53,50,114,120
03642.jpeg,158,158,2S1,40,56,111,109
03124.jpeg,128,128,BTR60,31,35,94,82
04893.jpeg,158,158,ZSU_23_4,54,54,103,113
03130.jpeg,128,128,BTR60,33,41,94,80
04887.jpeg,158,158,ZSU_23_4,52,48,107,109
03656.jpeg,158,158,2S1,44,58,115,105
04139.jpeg,172,173,T62,51,54,116,120
03911.jpeg,128,129,BRDM_2,48,52,89,88
04918.jpeg,158,158,ZSU_23_4,46,54,111,105
03905.jpeg,128,129,BRDM_2,36,52,81,90
03093.jpeg,128,128,BTR60,33,43,92,86
04924.jpeg,158,158,ZSU_23_4,46,54,109,109
03087.jpeg,128,128,BTR60,35,35,90,84
04930.jpeg,158,158,ZSU_23_4,52,48,103,111
03939.jpeg,128,129,BRDM_2,44,52,83,92
04065.jpeg,172,173,T62,53,54,120,116
04703.jpeg,128,128,BMP2,31,47,94,86
03078.jpeg,128,128,BTR60,43,43,84,98
04717.jpeg,158,158,ZSU_23_4,48,52,111,101
04071.jpeg,172,173,T62,50,54,118,118
04059.jpeg,172,173,T62,51,58,118,118
03736.jpeg,128,129,BRDM_2,36,54,77,90
03050.jpeg,128,128,BTR60,41,47,84,92
03044.jpeg,128,128,BTR60,33,37,92,82
03722.jpeg,128,129,BRDM_2,32,54,79,94
02819.jpeg,128,128,T72,41,41,90,92
03291.jpeg,177,178,D7,55,52,115,117
02831.jpeg,128,128,T72,33,45,90,84
04298.jpeg,192,193,ZIL131,65,62,126,132
02825.jpeg,128,128,T72,35,39,86,92
03285.jpeg,177,178,D7,59,58,117,117
04501.jpeg,192,193,ZIL131,67,72,132,136
05179.jpeg,128,128,BTR70,31,39,94,88
03508.jpeg,158,158,2S1,44,60,115,103
04267.jpeg,192,193,ZIL131,57,66,132,126
04273.jpeg,192,193,ZIL131,57,72,132,126
04515.jpeg,192,193,ZIL131,59,68,134,124
03252.jpeg,177,178,D7,53,58,115,117
05145.jpeg,128,128,BTR70,37,57,82,96
03534.jpeg,158,158,2S1,48,66,97,113
05151.jpeg,128,128,BTR70,43,55,84,96
03520.jpeg,158,158,2S1,44,50,111,111
04529.jpeg,128,128,BMP2,33,45,90,96
03246.jpeg,177,178,D7,63,54,121,119
03521.jpeg,158,158,2S1,46,50,113,111
05150.jpeg,128,128,BTR70,45,59,84,96
03247.jpeg,177,178,D7,57,58,115,117
04528.jpeg,128,128,BMP2,33,43,90,86
03253.jpeg,177,178,D7,57,54,119,117
03535.jpeg,158,158,2S1,54,66,103,111
05144.jpeg,128,128,BTR70,33,45,94,88
04272.jpeg,192,193,ZIL131,59,70,130,126
04514.jpeg,192,193,ZIL131,71,78,126,134
04500.jpeg,192,193,ZIL131,56,70,135,120
04266.jpeg,192,193,ZIL131,65,76,122,134
03509.jpeg,158,158,2S1,42,58,111,101
05178.jpeg,128,128,BTR70,29,45,94,84
02824.jpeg,128,128,T72,39,37,88,94
03284.jpeg,177,178,D7,55,60,113,113
03290.jpeg,177,178,D7,57,54,119,117
04299.jpeg,192,193,ZIL131,65,66,124,132
02830.jpeg,128,128,T72,31,45,94,86
02818.jpeg,128,128,T72,35,47,98,88
03045.jpeg,128,128,BTR60,33,43,94,82
03723.jpeg,128,129,BRDM_2,38,52,79,88
03737.jpeg,128,129,BRDM_2,44,52,83,90
04058.jpeg,172,173,T62,51,52,118,114
03051.jpeg,128,128,BTR60,37,43,94,90
04716.jpeg,158,158,ZSU_23_4,56,58,111,105
03079.jpeg,128,128,BTR60,41,39,88,94
04070.jpeg,172,173,T62,48,54,118,118
04064.jpeg,172,173,T62,48,64,120,116
04702.jpeg,128,128,BMP2,37,39,86,86
04931.jpeg,158,158,ZSU_23_4,46,56,111,105
03086.jpeg,128,128,BTR60,49,53,90,94
03938.jpeg,128,129,BRDM_2,46,50,87,92
04925.jpeg,158,158,ZSU_23_4,50,50,109,109
03092.jpeg,128,128,BTR60,39,33,86,88
03904.jpeg,128,129,BRDM_2,38,48,81,92
03910.jpeg,128,129,BRDM_2,34,40,91,86
04919.jpeg,158,158,ZSU_23_4,44,60,111,107
04886.jpeg,158,158,ZSU_23_4,44,58,109,107
03131.jpeg,128,128,BTR60,33,43,94,86
04138.jpeg,172,173,T62,50,56,120,118
03657.jpeg,158,158,2S1,56,58,107,109
03643.jpeg,158,158,2S1,44,56,117,107
04892.jpeg,158,158,ZSU_23_4,52,56,103,107
03125.jpeg,128,128,BTR60,33,37,86,90
04662.jpeg,128,128,BMP2,29,47,94,86
04104.jpeg,172,173,T62,53,52,116,120
04110.jpeg,172,173,T62,51,56,112,120
03119.jpeg,128,128,BTR60,35,35,88,88
04676.jpeg,128,128,BMP2,31,39,80,92
04845.jpeg,158,158,ZSU_23_4,46,56,111,107
03694.jpeg,158,158,2S1,48,46,105,109
03858.jpeg,128,129,BRDM_2,32,44,85,92
03680.jpeg,158,158,2S1,58,46,107,99
04689.jpeg,128,128,BMP2,47,51,92,92
04851.jpeg,158,158,ZSU_23_4,50,48,105,109
04879.jpeg,158,158,ZSU_23_4,46,56,111,103
03870.jpeg,128,129,BRDM_2,40,38,95,86
03864.jpeg,128,129,BRDM_2,44,52,85,92
05024.jpeg,128,128,BTR70,37,39,88,96
03455.jpeg,158,158,2S1,58,66,107,113
02993.jpeg,128,128,BTR60,35,43,92,88
03333.jpeg,177,178,D7,57,58,123,115
04448.jpeg,192,193,ZIL131,69,80,130,136
03327.jpeg,177,178,D7,61,62,115,119
05030.jpeg,128,128,BTR70,31,47,94,86
03441.jpeg,158,158,2S1,42,52,111,109
02987.jpeg,128,128,BTR60,33,41,92,88
05018.jpeg,128,128,BTR70,33,45,94,90
02777.jpeg,128,128,T72,41,47,90,92
03469.jpeg,158,158,2S1,52,52,111,109
04306.jpeg,192,193,ZIL131,54,68,132,122
04460.jpeg,192,193,ZIL131,65,72,122,132
04474.jpeg,192,193,ZIL131,67,76,122,134
02763.jpeg,128,128,T72,37,45,82,94
04312.jpeg,192,193,ZIL131,59,68,130,128
03496.jpeg,158,158,2S1,50,46,109,109
02950.jpeg,128,128,BTR60,39,43,88,94
02788.jpeg,128,128,T72,31,41,88,92
03482.jpeg,158,158,2S1,50,54,113,107
02944.jpeg,128,128,BTR60,39,33,84,90
02978.jpeg,128,128,BTR60,33,43,92,90
03383.jpeg,177,178,D7,59,60,121,117
05094.jpeg,128,128,BTR70,33,45,94,86
02923.jpeg,128,128,T72,33,49,90,90
05080.jpeg,128,128,BTR70,31,45,94,86
02937.jpeg,128,128,T72,39,45,88,94
03397.jpeg,177,178,D7,55,58,125,115
03340.jpeg,177,178,D7,55,54,123,113
03426.jpeg,158,158,2S1,48,54,113,107
04349.jpeg,192,193,ZIL131,65,62,126,130
05057.jpeg,128,128,BTR70,41,33,82,74
03432.jpeg,158,158,2S1,46,56,113,111
05043.jpeg,128,128,BTR70,33,45,92,92
03354.jpeg,177,178,D7,51,60,117,117
04413.jpeg,192,193,ZIL131,52,72,132,124
04375.jpeg,192,193,ZIL131,57,72,130,126
04361.jpeg,192,193,ZIL131,63,62,124,130
04407.jpeg,192,193,ZIL131,59,64,128,128
03368.jpeg,177,178,D7,59,56,117,119
04188.jpeg,172,173,T62,48,56,118,112
04836.jpeg,158,158,ZSU_23_4,48,54,107,111
03181.jpeg,177,178,D7,55,60,121,117
04822.jpeg,158,158,ZSU_23_4,52,56,105,107
03195.jpeg,177,178,D7,57,60,117,117
03803.jpeg,128,129,BRDM_2,36,42,91,86
03817.jpeg,128,129,BRDM_2,32,48,91,88
03624.jpeg,158,158,2S1,46,58,113,103
03142.jpeg,177,178,D7,53,56,117,117
03156.jpeg,177,178,D7,59,58,115,117
04639.jpeg,128,128,BMP2,35,43,92,90
03630.jpeg,158,158,2S1,50,46,107,111
04177.jpeg,172,173,T62,51,54,120,114
03618.jpeg,158,158,2S1,52,52,113,109
04611.jpeg,128,128,BMP2,37,45,94,92
04605.jpeg,128,128,BMP2,39,35,84,92
04163.jpeg,172,173,T62,53,54,108,116
03793.jpeg,128,129,BRDM_2,36,40,95,82
04942.jpeg,158,158,ZSU_23_4,46,56,111,105
04956.jpeg,158,158,ZSU_23_4,46,50,107,107
03787.jpeg,128,129,BRDM_2,46,52,89,92
03977.jpeg,172,173,T62,50,58,120,120
03963.jpeg,128,129,BRDM_2,34,48,77,90
03750.jpeg,128,129,BRDM_2,30,48,89,88
03988.jpeg,172,173,T62,46,62,118,114
04981.jpeg,158,158,ZSU_23_4,50,52,103,111
04759.jpeg,158,158,ZSU_23_4,48,60,101,109
03036.jpeg,128,128,BTR60,35,39,94,80
04995.jpeg,128,128,BTR70,45,61,86,102
03022.jpeg,128,128,BTR60,33,43,92,88
03744.jpeg,128,129,BRDM_2,34,54,77,92
04003.jpeg,172,173,T62,51,60,118,112
04765.jpeg,158,158,ZSU_23_4,46,54,113,105
04771.jpeg,158,158,ZSU_23_4,48,52,109,109
03778.jpeg,128,129,BRDM_2,44,50,85,92
04017.jpeg,172,173,T62,51,60,121,112
04598.jpeg,128,128,BMP2,43,55,86,94
02857.jpeg,128,128,T72,35,47,100,88
03591.jpeg,158,158,2S1,48,66,99,113
02843.jpeg,128,128,T72,31,45,92,88
03585.jpeg,158,158,2S1,54,54,103,113
03234.jpeg,177,178,D7,55,58,117,113
05123.jpeg,128,128,BTR70,31,41,90,88
02894.jpeg,128,128,T72,29,45,92,86
03552.jpeg,158,158,2S1,48,50,111,113
05137.jpeg,128,128,BTR70,39,37,76,84
04229.jpeg,172,173,T62,53,62,112,120
02880.jpeg,128,128,T72,35,43,94,94
03546.jpeg,158,158,2S1,44,50,111,107
03220.jpeg,177,178,D7,57,52,117,119
03208.jpeg,177,178,D7,57,62,123,115
04567.jpeg,128,128,BMP2,37,39,90,94
04201.jpeg,172,173,T62,53,50,114,118
04215.jpeg,172,173,T62,53,50,118,118
04573.jpeg,128,128,BMP2,39,37,86,92
04214.jpeg,172,173,T62,55,66,110,120
04572.jpeg,128,128,BMP2,35,43,88,96
04566.jpeg,128,128,BMP2,41,45,82,94
03209.jpeg,177,178,D7,51,56,115,117
04200.jpeg,172,173,T62,53,60,121,112
03547.jpeg,158,158,2S1,56,68,103,113
02881.jpeg,128,128,T72,33,43,94,88
04228.jpeg,172,173,T62,53,52,120,118
05136.jpeg,128,128,BTR70,35,53,80,94
03221.jpeg,177,178,D7,59,60,117,117
03235.jpeg,177,178,D7,57,58,123,113
03553.jpeg,158,158,2S1,48,44,109,111
02895.jpeg,128,128,T72,31,41,94,82
05122.jpeg,128,128,BTR70,45,33,86,74
03584.jpeg,158,158,2S1,42,56,113,107
02842.jpeg,128,128,T72,35,39,90,92
04599.jpeg,128,128,BMP2,45,53,86,94
03590.jpeg,158,158,2S1,40,58,109,103
02856.jpeg,128,128,T72,29,43,92,86
04770.jpeg,158,158,ZSU_23_4,50,52,111,109
04016.jpeg,172,173,T62,50,58,118,118
03779.jpeg,128,129,BRDM_2,34,44,91,88
04002.jpeg,172,173,T62,55,52,114,120
04764.jpeg,158,158,ZSU_23_4,46,58,111,111
03023.jpeg,128,128,BTR60,37,41,88,92
04994.jpeg,128,128,BTR70,35,37,90,92
03745.jpeg,128,129,BRDM_2,38,54,79,92
03989.jpeg,172,173,T62,44,62,120,116
03751.jpeg,128,129,BRDM_2,40,52,79,88
03037.jpeg,128,128,BTR60,43,41,84,96
04758.jpeg,158,158,ZSU_23_4,56,58,107,107
04980.jpeg,158,158,ZSU_23_4,46,54,111,109
03962.jpeg,128,129,BRDM_2,34,46,81,92
03976.jpeg,172,173,T62,57,56,118,120
04957.jpeg,158,158,ZSU_23_4,48,52,113,105
03786.jpeg,128,129,BRDM_2,30,46,87,88
03792.jpeg,128,129,BRDM_2,38,50,79,90
04943.jpeg,158,158,ZSU_23_4,46,54,109,111
04604.jpeg,128,128,BMP2,33,47,90,86
04162.jpeg,172,173,T62,51,54,116,118
03619.jpeg,158,158,2S1,44,58,113,105
04176.jpeg,172,173,T62,48,62,118,118
04610.jpeg,128,128,BMP2,35,45,94,88
04638.jpeg,128,128,BMP2,39,47,84,96
03157.jpeg,177,178,D7,61,52,119,119
03631.jpeg,158,158,2S1,44,56,111,103
03625.jpeg,158,158,2S1,46,48,111,109
03143.jpeg,177,178,D7,59,60,115,121
03816.jpeg,128,129,BRDM_2,38,42,89,94
03802.jpeg,128,129,BRDM_2,32,42,85,92
03194.jpeg,177,178,D7,57,60,117,115
04823.jpeg,158,158,ZSU_23_4,48,52,107,111
04189.jpeg,172,173,T62,55,66,108,120
03180.jpeg,177,178,D7,61,60,117,121
04837.jpeg,158,158,ZSU_23_4,52,48,105,105
04360.jpeg,192,193,ZIL131,57,66,134,120
03369.jpeg,177,178,D7,57,60,117,117
04406.jpeg,192,193,ZIL131,57,68,134,124
04412.jpeg,192,193,ZIL131,69,72,130,132
04374.jpeg,192,193,ZIL131,59,68,135,124
05042.jpeg,128,128,BTR70,37,57,80,96
03433.jpeg,158,158,2S1,44,50,109,111
03355.jpeg,177,178,D7,53,54,111,119
03341.jpeg,177,178,D7,57,60,123,117
05056.jpeg,128,128,BTR70,37,37,88,94
04348.jpeg,192,193,ZIL131,57,66,130,128
03427.jpeg,158,158,2S1,50,54,113,109
02936.jpeg,128,128,T72,43,47,88,94
05081.jpeg,128,128,BTR70,33,45,94,86
03396.jpeg,177,178,D7,61,56,115,121
03382.jpeg,177,178,D7,49,62,119,115
02922.jpeg,128,128,T72,43,49,90,94
05095.jpeg,128,128,BTR70,35,41,94,90
03394.jpeg,177,178,D7,61,64,115,119
05083.jpeg,128,128,BTR70,35,57,80,96
02934.jpeg,128,128,T72,31,47,94,92
05097.jpeg,128,128,BTR70,33,47,94,86
02920.jpeg,128,128,T72,45,47,90,92
04389.jpeg,192,193,ZIL131,59,66,132,128
03380.jpeg,177,178,D7,55,52,115,119
02908.jpeg,128,128,T72,31,37,90,92
04438.jpeg,192,193,ZIL131,59,62,135,122
03357.jpeg,177,178,D7,53,58,117,117
03431.jpeg,158,158,2S1,52,54,101,113
05040.jpeg,128,128,BTR70,31,45,96,86
03425.jpeg,158,158,2S1,48,50,111,111
05054.jpeg,128,128,BTR70,33,39,92,88
03343.jpeg,177,178,D7,59,60,117,113
04404.jpeg,192,193,ZIL131,57,66,134,132
04362.jpeg,192,193,ZIL131,56,68,128,130
03419.jpeg,158,158,2S1,46,50,107,113
04376.jpeg,192,193,ZIL131,65,60,124,130
05068.jpeg,128,128,BTR70,39,57,82,96
04410.jpeg,192,193,ZIL131,57,72,116,130
03828.jpeg,128,129,BRDM_2,48,52,89,92
04821.jpeg,158,158,ZSU_23_4,50,50,105,109
03196.jpeg,177,178,D7,55,54,117,117
04835.jpeg,158,158,ZSU_23_4,54,58,105,107
03182.jpeg,177,178,D7,55,52,117,119
03814.jpeg,128,129,BRDM_2,46,44,91,92
04809.jpeg,158,158,ZSU_23_4,48,58,113,109
03800.jpeg,128,129,BRDM_2,36,40,91,80
03633.jpeg,158,158,2S1,48,62,113,103
03155.jpeg,177,178,D7,53,54,117,115
03141.jpeg,177,178,D7,49,60,117,117
04148.jpeg,172,173,T62,55,52,114,120
03627.jpeg,158,158,2S1,44,58,111,103
04160.jpeg,172,173,T62,51,54,121,114
03169.jpeg,177,178,D7,55,54,117,119
04606.jpeg,128,128,BMP2,33,47,94,90
04612.jpeg,128,128,BMP2,35,45,94,92
04174.jpeg,172,173,T62,48,58,116,118
03784.jpeg,128,129,BRDM_2,38,42,93,82
04955.jpeg,158,158,ZSU_23_4,46,54,109,105
04799.jpeg,158,158,ZSU_23_4,50,50,109,109
04941.jpeg,158,158,ZSU_23_4,48,52,109,109
03948.jpeg,128,129,BRDM_2,38,38,95,84
03790.jpeg,128,129,BRDM_2,36,40,89,84
03960.jpeg,128,129,BRDM_2,36,38,93,82
04969.jpeg,158,158,ZSU_23_4,44,60,109,107
03974.jpeg,172,173,T62,50,54,118,118
03747.jpeg,128,129,BRDM_2,32,44,87,92
04028.jpeg,172,173,T62,57,68,112,120
04996.jpeg,128,128,BTR70,33,47,94,90
03021.jpeg,128,128,BTR60,39,37,84,92
04982.jpeg,158,158,ZSU_23_4,46,56,107,111
03035.jpeg,128,128,BTR60,37,43,90,94
03753.jpeg,128,129,BRDM_2,32,38,93,84
04014.jpeg,172,173,T62,51,58,121,110
04772.jpeg,158,158,ZSU_23_4,48,52,109,107
04766.jpeg,158,158,ZSU_23_4,46,56,111,107
03009.jpeg,128,128,BTR60,41,39,88,94
04000.jpeg,172,173,T62,50,56,118,112
02840.jpeg,128,128,T72,33,45,96,90
03586.jpeg,158,158,2S1,48,50,109,113
02854.jpeg,128,128,T72,37,41,84,94
03592.jpeg,158,158,2S1,44,54,111,109
02868.jpeg,128,128,T72,37,39,96,94
03223.jpeg,177,178,D7,53,52,117,115
05134.jpeg,128,128,BTR70,37,57,80,94
02883.jpeg,128,128,T72,41,47,86,94
03545.jpeg,158,158,2S1,46,54,115,109
05120.jpeg,128,128,BTR70,33,45,94,90
02897.jpeg,128,128,T72,33,49,94,92
03551.jpeg,158,158,2S1,52,44,107,111
03237.jpeg,177,178,D7,55,54,117,117
04558.jpeg,128,128,BMP2,39,39,92,88
04570.jpeg,128,128,BMP2,37,39,92,92
05108.jpeg,128,128,BTR70,33,43,92,88
04216.jpeg,172,173,T62,51,60,123,110
03579.jpeg,158,158,2S1,46,48,105,109
04202.jpeg,172,173,T62,57,60,114,120
04564.jpeg,128,128,BMP2,41,45,84,92
04203.jpeg,172,173,T62,53,54,120,116
04565.jpeg,128,128,BMP2,33,47,80,84
04571.jpeg,128,128,BMP2,37,41,90,92
03578.jpeg,158,158,2S1,46,54,109,111
04217.jpeg,172,173,T62,51,58,120,114
05109.jpeg,128,128,BTR70,29,47,94,84
03550.jpeg,158,158,2S1,46,50,111,111
02896.jpeg,128,128,T72,31,43,92,88
05121.jpeg,128,128,BTR70,31,43,96,84
04559.jpeg,128,128,BMP2,43,43,90,92
03236.jpeg,177,178,D7,55,54,115,117
03222.jpeg,177,178,D7,61,56,119,119
03544.jpeg,158,158,2S1,46,56,113,109
02882.jpeg,128,128,T72,35,39,96,94
05135.jpeg,128,128,BTR70,33,39,94,90
02869.jpeg,128,128,T72,33,41,88,92
03593.jpeg,158,158,2S1,48,48,105,109
02855.jpeg,128,128,T72,43,49,88,94
03587.jpeg,158,158,2S1,50,46,109,111
02841.jpeg,128,128,T72,37,39,96,94
03008.jpeg,128,128,BTR60,35,39,92,84
04767.jpeg,158,158,ZSU_23_4,50,50,103,113
04001.jpeg,172,173,T62,50,56,114,116
04015.jpeg,172,173,T62,57,64,112,122
04773.jpeg,158,158,ZSU_23_4,46,54,107,111
03034.jpeg,128,128,BTR60,82,0,128,106
04983.jpeg,158,158,ZSU_23_4,52,50,103,111
03752.jpeg,128,129,BRDM_2,30,50,89,88
04029.jpeg,172,173,T62,48,56,108,118
03746.jpeg,128,129,BRDM_2,48,50,89,90
03020.jpeg,128,128,BTR60,35,43,94,88
04997.jpeg,128,128,BTR70,33,47,92,94
03975.jpeg,172,173,T62,53,50,114,120
03961.jpeg,128,129,BRDM_2,36,38,85,88
04968.jpeg,158,158,ZSU_23_4,48,54,111,107
04940.jpeg,158,158,ZSU_23_4,54,58,107,109
04798.jpeg,158,158,ZSU_23_4,44,54,109,107
03791.jpeg,128,129,BRDM_2,40,54,81,92
03949.jpeg,128,129,BRDM_2,38,38,99,84
03785.jpeg,128,129,BRDM_2,36,52,79,90
04954.jpeg,158,158,ZSU_23_4,46,58,111,105
04613.jpeg,128,128,BMP2,35,41,94,86
04175.jpeg,172,173,T62,48,62,120,114
04161.jpeg,172,173,T62,50,62,120,118
04607.jpeg,128,128,BMP2,39,41,90,92
03168.jpeg,177,178,D7,51,52,119,115
03140.jpeg,177,178,D7,53,64,121,113
03626.jpeg,158,158,2S1,42,54,111,109
04149.jpeg,172,173,T62,53,48,112,120
03632.jpeg,158,158,2S1,46,58,113,105
03154.jpeg,177,178,D7,59,60,123,115
04808.jpeg,158,158,ZSU_23_4,46,56,111,109
03801.jpeg,128,129,BRDM_2,36,44,95,82
03815.jpeg,128,129,BRDM_2,44,50,91,88
03183.jpeg,177,178,D7,55,56,117,119
04834.jpeg,158,158,ZSU_23_4,50,50,107,109
03829.jpeg,128,129,BRDM_2,44,54,85,92
03197.jpeg,177,178,D7,57,52,115,119
04820.jpeg,158,158,ZSU_23_4,44,54,111,103
05069.jpeg,128,128,BTR70,39,39,86,94
04377.jpeg,192,193,ZIL131,59,62,130,132
03418.jpeg,158,158,2S1,54,70,103,113
04411.jpeg,192,193,ZIL131,69,82,128,136
04405.jpeg,192,193,ZIL131,56,62,128,132
04363.jpeg,192,193,ZIL131,63,70,122,132
05055.jpeg,128,128,BTR70,33,45,92,90
03424.jpeg,158,158,2S1,46,50,109,111
03342.jpeg,177,178,D7,53,64,129,115
03356.jpeg,177,178,D7,53,60,123,115
04439.jpeg,192,193,ZIL131,63,64,126,132
05041.jpeg,128,128,BTR70,33,45,94,82
03430.jpeg,158,158,2S1,44,58,115,103
02909.jpeg,128,128,T72,33,47,96,88
04388.jpeg,192,193,ZIL131,67,72,122,134
02921.jpeg,128,128,T72,37,39,84,92
05096.jpeg,128,128,BTR70,39,39,84,98
03381.jpeg,177,178,D7,61,56,121,119
03395.jpeg,177,178,D7,49,60,117,119
02935.jpeg,128,128,T72,31,43,94,88
05082.jpeg,128,128,BTR70,45,61,88,96
02919.jpeg,128,128,T72,37,43,84,96
05086.jpeg,128,128,BTR70,39,41,90,98
02931.jpeg,128,128,T72,35,43,90,94
04398.jpeg,192,193,ZIL131,57,68,141,122
03391.jpeg,177,178,D7,59,54,119,117
03385.jpeg,177,178,D7,61,54,123,117
05092.jpeg,128,128,BTR70,33,45,94,92
02925.jpeg,128,128,T72,29,45,94,84
04367.jpeg,192,193,ZIL131,61,62,132,134
03408.jpeg,177,178,D7,51,54,117,117
05079.jpeg,128,128,BTR70,35,41,90,90
04401.jpeg,192,193,ZIL131,69,72,126,134
04415.jpeg,192,193,ZIL131,59,74,118,134
04373.jpeg,192,193,ZIL131,56,72,130,130
03434.jpeg,158,158,2S1,44,56,109,103
05045.jpeg,128,128,BTR70,47,51,92,90
03352.jpeg,177,178,D7,53,56,117,115
03346.jpeg,177,178,D7,51,58,115,117
04429.jpeg,192,193,ZIL131,63,66,126,132
03420.jpeg,158,158,2S1,46,56,113,105
05051.jpeg,128,128,BTR70,33,45,94,86
04818.jpeg,158,158,ZSU_23_4,54,44,109,107
03811.jpeg,128,129,BRDM_2,32,38,91,84
03805.jpeg,128,129,BRDM_2,32,52,89,88
04824.jpeg,158,158,ZSU_23_4,46,58,113,109
03193.jpeg,177,178,D7,57,60,115,117
03839.jpeg,128,129,BRDM_2,30,48,89,86
04830.jpeg,158,158,ZSU_23_4,56,58,109,107
03187.jpeg,177,178,D7,57,58,125,115
04603.jpeg,128,128,BMP2,37,37,86,86
04165.jpeg,172,173,T62,48,58,120,116
04171.jpeg,172,173,T62,50,60,120,116
04617.jpeg,128,128,BMP2,37,41,90,92
03178.jpeg,177,178,D7,55,54,117,117
03150.jpeg,177,178,D7,59,58,119,117
03636.jpeg,158,158,2S1,50,64,101,113
04159.jpeg,172,173,T62,50,60,121,110
03622.jpeg,158,158,2S1,52,68,99,111
03144.jpeg,177,178,D7,51,60,121,115
03965.jpeg,128,129,BRDM_2,35,24,128,100
03971.jpeg,172,173,T62,57,58,118,122
04978.jpeg,158,158,ZSU_23_4,48,52,113,103
04788.jpeg,158,158,ZSU_23_4,48,52,109,107
04950.jpeg,158,158,ZSU_23_4,46,50,107,109
03959.jpeg,128,129,BRDM_2,48,50,89,92
03781.jpeg,128,129,BRDM_2,36,40,95,84
03795.jpeg,128,129,BRDM_2,46,52,87,92
04944.jpeg,158,158,ZSU_23_4,46,54,107,113
03018.jpeg,128,128,BTR60,35,41,88,90
04777.jpeg,158,158,ZSU_23_4,52,56,105,107
04011.jpeg,172,173,T62,53,58,123,112
04005.jpeg,172,173,T62,53,62,121,118
04763.jpeg,158,158,ZSU_23_4,50,48,107,111
04993.jpeg,128,128,BTR70,31,39,92,88
03024.jpeg,128,128,BTR60,35,41,88,90
03742.jpeg,128,129,BRDM_2,38,36,73,82
04039.jpeg,172,173,T62,53,50,118,116
03756.jpeg,128,129,BRDM_2,40,52,81,92
04987.jpeg,128,128,BTR70,35,39,90,90
03030.jpeg,128,128,BTR60,35,39,92,82
02879.jpeg,128,128,T72,33,49,94,92
03583.jpeg,158,158,2S1,44,56,113,107
02845.jpeg,128,128,T72,41,45,86,96
03597.jpeg,158,158,2S1,42,52,107,107
02851.jpeg,128,128,T72,33,49,94,94
04213.jpeg,172,173,T62,48,64,120,114
04575.jpeg,128,128,BMP2,39,39,90,92
04561.jpeg,128,128,BMP2,41,43,92,86
05119.jpeg,128,128,BTR70,35,39,76,84
03568.jpeg,158,158,2S1,48,56,113,105
04207.jpeg,172,173,T62,50,58,118,116
05131.jpeg,128,128,BTR70,35,43,94,84
03540.jpeg,158,158,2S1,50,46,105,113
02886.jpeg,128,128,T72,33,47,96,92
04549.jpeg,128,128,BMP2,35,41,92,92
03226.jpeg,177,178,D7,51,64,119,113
03232.jpeg,177,178,D7,57,58,123,115
05125.jpeg,128,128,BTR70,51,53,94,90
03554.jpeg,158,158,2S1,44,50,111,111
02892.jpeg,128,128,T72,43,47,88,94
03233.jpeg,177,178,D7,53,54,119,111
02893.jpeg,128,128,T72,31,47,92,88
03555.jpeg,158,158,2S1,50,46,109,111
05124.jpeg,128,128,BTR70,47,53,92,90
02887.jpeg,128,128,T72,35,41,86,94
03541.jpeg,158,158,2S1,46,52,113,113
05130.jpeg,128,128,BTR70,37,37,86,92
03227.jpeg,177,178,D7,51,60,121,115
04548.jpeg,128,128,BMP2,45,53,90,94
04560.jpeg,128,128,BMP2,33,45,94,92
04206.jpeg,172,173,T62,53,54,116,120
03569.jpeg,158,158,2S1,44,52,109,109
05118.jpeg,128,128,BTR70,41,55,82,96
04212.jpeg,172,173,T62,53,52,118,116
04574.jpeg,128,128,BMP2,39,45,92,98
02850.jpeg,128,128,T72,31,45,94,86
03596.jpeg,158,158,2S1,42,54,111,107
02844.jpeg,128,128,T72,31,41,90,88
03582.jpeg,158,158,2S1,46,52,113,111
02878.jpeg,128,128,T72,33,43,92,92
03757.jpeg,128,129,BRDM_2,42,48,81,86
04038.jpeg,172,173,T62,51,52,118,118
03031.jpeg,128,128,BTR60,41,43,86,94
04986.jpeg,128,128,BTR70,35,37,88,94
03025.jpeg,128,128,BTR60,35,39,94,88
04992.jpeg,128,128,BTR70,33,37,90,92
03743.jpeg,128,129,BRDM_2,38,48,79,88
04004.jpeg,172,173,T62,51,52,108,116
04762.jpeg,158,158,ZSU_23_4,52,52,103,113
04776.jpeg,158,158,ZSU_23_4,56,60,109,109
03019.jpeg,128,128,BTR60,33,43,94,88
04010.jpeg,172,173,T62,51,58,118,118
03794.jpeg,128,129,BRDM_2,32,46,89,88
04945.jpeg,158,158,ZSU_23_4,46,50,109,107
04951.jpeg,158,158,ZSU_23_4,50,50,111,107
04789.jpeg,158,158,ZSU_23_4,50,50,107,109
03780.jpeg,128,129,BRDM_2,26,30,101,98
03958.jpeg,128,129,BRDM_2,48,52,89,90
03970.jpeg,172,173,T62,57,60,114,120
04979.jpeg,158,158,ZSU_23_4,52,50,105,111
03964.jpeg,128,129,BRDM_2,34,50,81,90
03623.jpeg,158,158,2S1,46,50,107,109
03145.jpeg,177,178,D7,51,56,119,115
03151.jpeg,177,178,D7,59,60,123,117
04158.jpeg,172,173,T62,53,54,120,116
03637.jpeg,158,158,2S1,52,44,105,113
04170.jpeg,172,173,T62,53,52,114,120
03179.jpeg,177,178,D7,59,54,115,119
04616.jpeg,128,128,BMP2,35,45,96,90
04602.jpeg,128,128,BMP2,33,49,94,86
04164.jpeg,172,173,T62,51,68,121,116
03838.jpeg,128,129,BRDM_2,30,46,93,88
03186.jpeg,177,178,D7,57,58,113,117
04831.jpeg,158,158,ZSU_23_4,52,50,103,113
03192.jpeg,177,178,D7,49,56,121,113
04825.jpeg,158,158,ZSU_23_4,44,54,109,101
03804.jpeg,128,129,BRDM_2,44,52,83,92
04819.jpeg,158,158,ZSU_23_4,48,56,113,103
03810.jpeg,128,129,BRDM_2,48,50,91,88
04428.jpeg,192,193,ZIL131,56,70,132,126
03347.jpeg,177,178,D7,57,54,115,117
05050.jpeg,128,128,BTR70,41,51,82,96
03421.jpeg,158,158,2S1,44,54,113,109
05044.jpeg,128,128,BTR70,35,39,88,90
03435.jpeg,158,158,2S1,54,48,107,113
03353.jpeg,177,178,D7,59,60,123,117
04414.jpeg,192,193,ZIL131,65,72,122,132
04372.jpeg,192,193,ZIL131,57,68,135,122
05078.jpeg,128,128,BTR70,33,41,90,90
03409.jpeg,177,178,D7,51,56,119,113
04366.jpeg,192,193,ZIL131,67,74,122,136
04400.jpeg,192,193,ZIL131,61,72,124,134
03384.jpeg,177,178,D7,57,58,113,117
02924.jpeg,128,128,T72,37,41,96,92
05093.jpeg,128,128,BTR70,33,45,92,88
04399.jpeg,192,193,ZIL131,59,70,135,124
02930.jpeg,128,128,T72,19,45,92,86
05087.jpeg,128,128,BTR70,31,45,94,86
03390.jpeg,177,178,D7,61,56,123,117
02918.jpeg,128,128,T72,33,49,96,92
05091.jpeg,128,128,BTR70,43,55,82,96
02926.jpeg,128,128,T72,33,39,86,94
03386.jpeg,177,178,D7,57,56,117,119
03392.jpeg,177,178,D7,53,60,123,115
05085.jpeg,128,128,BTR70,31,51,96,90
02932.jpeg,128,128,T72,43,47,88,92
04370.jpeg,192,193,ZIL131,61,62,126,128
03379.jpeg,177,178,D7,59,60,121,117
04416.jpeg,192,193,ZIL131,57,70,130,126
04402.jpeg,192,193,ZIL131,61,70,122,130
04364.jpeg,192,193,ZIL131,59,68,130,128
03423.jpeg,158,158,2S1,44,58,109,103
05052.jpeg,128,128,BTR70,33,39,92,88
03345.jpeg,177,178,D7,55,58,121,115
03351.jpeg,177,178,D7,49,62,119,115
04358.jpeg,192,193,ZIL131,63,62,126,130
03437.jpeg,158,158,2S1,44,52,111,111
05046.jpeg,128,128,BTR70,35,57,80,94
03806.jpeg,128,129,BRDM_2,32,50,89,88
03812.jpeg,128,129,BRDM_2,46,52,85,90
04833.jpeg,158,158,ZSU_23_4,50,50,107,109
03184.jpeg,177,178,D7,57,60,123,117
04199.jpeg,172,173,T62,53,52,116,120
04827.jpeg,158,158,ZSU_23_4,46,52,109,109
03190.jpeg,177,178,D7,55,54,117,117
04614.jpeg,128,128,BMP2,39,45,82,86
04172.jpeg,172,173,T62,50,56,118,114
03609.jpeg,158,158,2S1,44,58,113,105
04166.jpeg,172,173,T62,53,50,112,120
04600.jpeg,128,128,BMP2,41,45,82,94
04628.jpeg,128,128,BMP2,35,47,92,86
03147.jpeg,177,178,D7,55,56,115,119
03621.jpeg,158,158,2S1,48,62,101,113
03635.jpeg,158,158,2S1,46,56,113,111
03153.jpeg,177,178,D7,49,60,115,117
03972.jpeg,172,173,T62,53,54,118,120
03966.jpeg,128,129,BRDM_2,30,52,75,92
04947.jpeg,158,158,ZSU_23_4,44,60,109,107
03796.jpeg,128,129,BRDM_2,30,46,87,86
03782.jpeg,128,129,BRDM_2,42,50,83,94
04953.jpeg,158,158,ZSU_23_4,48,56,103,109
04760.jpeg,158,158,ZSU_23_4,48,56,111,101
04006.jpeg,172,173,T62,55,52,114,118
03769.jpeg,128,129,BRDM_2,32,46,89,92
04012.jpeg,172,173,T62,55,62,112,120
04774.jpeg,158,158,ZSU_23_4,44,62,109,107
04984.jpeg,158,158,ZSU_23_4,46,54,111,105
03033.jpeg,128,128,BTR60,39,35,84,88
03755.jpeg,128,129,BRDM_2,32,50,77,92
03741.jpeg,128,129,BRDM_2,40,40,91,88
03999.jpeg,172,173,T62,50,58,121,110
04990.jpeg,128,128,BTR70,33,41,92,86
03027.jpeg,128,128,BTR60,45,49,90,94
04748.jpeg,158,158,ZSU_23_4,46,56,111,109
03594.jpeg,158,158,2S1,50,44,107,111
02852.jpeg,128,128,T72,41,43,86,94
04589.jpeg,128,128,BMP2,37,43,94,94
03580.jpeg,158,158,2S1,48,46,111,109
02846.jpeg,128,128,T72,33,41,94,84
04204.jpeg,172,173,T62,57,68,110,122
04562.jpeg,128,128,BMP2,37,41,90,92
04576.jpeg,128,128,BMP2,37,39,90,94
03219.jpeg,177,178,D7,55,52,117,117
04210.jpeg,172,173,T62,50,56,118,114
05126.jpeg,128,128,BTR70,45,59,88,98
03557.jpeg,158,158,2S1,44,58,113,105
04238.jpeg,172,173,T62,57,60,114,120
02891.jpeg,128,128,T72,37,43,82,94
03231.jpeg,177,178,D7,57,58,113,117
03225.jpeg,177,178,D7,55,52,117,117
05132.jpeg,128,128,BTR70,35,43,90,96
03543.jpeg,158,158,2S1,42,54,113,107
02885.jpeg,128,128,T72,39,39,96,92
03224.jpeg,177,178,D7,59,56,117,117
02884.jpeg,128,128,T72,39,37,90,92
03542.jpeg,158,158,2S1,46,50,111,111
05133.jpeg,128,128,BTR70,41,41,82,82
02890.jpeg,128,128,T72,39,37,94,92
04239.jpeg,172,173,T62,51,58,121,112
03556.jpeg,158,158,2S1,46,48,109,111
05127.jpeg,128,128,BTR70,35,43,90,96
03230.jpeg,177,178,D7,55,54,111,119
03218.jpeg,177,178,D7,55,54,111,121
04577.jpeg,128,128,BMP2,37,41,92,92
04211.jpeg,172,173,T62,50,52,118,116
04205.jpeg,172,173,T62,51,58,123,108
04563.jpeg,128,128,BMP2,35,43,94,86
04588.jpeg,128,128,BMP2,33,43,90,88
02847.jpeg,128,128,T72,33,41,90,94
03581.jpeg,158,158,2S1,48,56,105,111
02853.jpeg,128,128,T72,35,39,90,92
03595.jpeg,158,158,2S1,54,68,101,111
03998.jpeg,172,173,T62,48,58,120,118
03740.jpeg,128,129,BRDM_2,38,40,87,94
04749.jpeg,158,158,ZSU_23_4,46,54,111,103
03026.jpeg,128,128,BTR60,39,41,90,92
04991.jpeg,128,128,BTR70,35,43,92,94
03032.jpeg,128,128,BTR60,41,53,84,98
04985.jpeg,128,128,BTR70,29,45,94,86
03754.jpeg,128,129,BRDM_2,50,50,91,88
04013.jpeg,172,173,T62,51,64,120,116
04775.jpeg,158,158,ZSU_23_4,50,48,103,111
04761.jpeg,158,158,ZSU_23_4,54,54,105,109
03768.jpeg,128,129,BRDM_2,34,38,89,88
04007.jpeg,172,173,T62,51,56,118,118
03783.jpeg,128,129,BRDM_2,44,54,83,92
04952.jpeg,158,158,ZSU_23_4,50,54,111,109
04946.jpeg,158,158,ZSU_23_4,48,54,111,105
03797.jpeg,128,129,BRDM_2,46,56,87,92
03967.jpeg,128,129,BRDM_2,30,52,87,88
03973.jpeg,172,173,T62,50,54,120,116
03634.jpeg,158,158,2S1,46,50,111,111
03152.jpeg,177,178,D7,59,56,117,121
03146.jpeg,177,178,D7,59,58,123,115
04629.jpeg,128,128,BMP2,39,55,82,94
03620.jpeg,158,158,2S1,58,68,109,113
04167.jpeg,172,173,T62,53,54,123,116
03608.jpeg,158,158,2S1,52,46,101,113
04601.jpeg,128,128,BMP2,33,49,92,86
04615.jpeg,128,128,BMP2,37,45,92,92
04173.jpeg,172,173,T62,53,52,114,118
04198.jpeg,172,173,T62,59,64,114,122
03191.jpeg,177,178,D7,55,58,115,113
04826.jpeg,158,158,ZSU_23_4,46,52,109,107
03185.jpeg,177,178,D7,53,54,115,117
04832.jpeg,158,158,ZSU_23_4,52,46,111,105
03813.jpeg,128,129,BRDM_2,48,54,83,92
03807.jpeg,128,129,BRDM_2,32,54,75,92
03350.jpeg,177,178,D7,55,64,127,115
05047.jpeg,128,128,BTR70,41,41,80,84
03436.jpeg,158,158,2S1,48,62,101,113
04359.jpeg,192,193,ZIL131,59,70,137,120
05053.jpeg,128,128,BTR70,35,57,78,94
03422.jpeg,158,158,2S1,48,50,113,113
03344.jpeg,177,178,D7,59,54,117,119
04403.jpeg,192,193,ZIL131,57,62,132,122
04365.jpeg,192,193,ZIL131,57,70,130,126
04371.jpeg,192,193,ZIL131,61,66,130,130
04417.jpeg,192,193,ZIL131,63,62,126,128
03378.jpeg,177,178,D7,53,60,119,115
03393.jpeg,177,178,D7,57,60,117,115
02933.jpeg,128,128,T72,33,49,92,90
05084.jpeg,128,128,BTR70,41,55,82,96
02927.jpeg,128,128,T72,35,39,92,94
05090.jpeg,128,128,BTR70,41,39,86,96
03387.jpeg,177,178,D7,57,58,117,115
